"0","50"
"1","50"
"2","50"
"3","50"
"4","50"
"5","50"
"6","51"
"7","51"
"8","51"
"9","51"
"10","52"
"11","52"
"12","52"
"13","52"
"14","52"
"15","52"
"16","52"
"17","52"
"18","53"
"19","53"
"20","53"
"21","53"
"22","53"
"23","53"
"24","53"
"25","53"
"26","54"
"27","54"
"28","54"
"29","54"
"30","55"
"31","55"
"32","55"
"33","55"
"34","56"
"35","56"
"36","56"
"37","56"
"38","56"
"39","57"
"40","57"
"41","57"
"42","57"
"43","57"
"44","57"
"45","57"
"46","57"
"47","57"
"48","57"
"49","58"
"50","58"
"51","58"
"52","58"
"53","58"
"54","58"
"55","58"
"56","58"
"57","58"
"58","58"
"59","59"
"60","59"
"61","59"
"62","59"
"63","59"
"64","59"
"65","60"
"66","60"
"67","60"
"68","60"
"69","60"
"70","60"
"71","61"
"72","61"
"73","61"
"74","61"
"75","61"
"76","61"
"77","61"
"78","61"
"79","61"
"80","61"
"81","62"
"82","62"
"83","62"
"84","62"
"85","62"
"86","63"
"87","63"
"88","63"
"89","63"
"90","63"
"91","63"
"92","63"
"93","63"
"94","63"
"95","64"
"96","64"
"97","64"
"98","64"
"99","64"
"100","64"
"101","64"
"102","64"
"103","65"
"104","65"
"105","65"
"106","65"
"107","65"
"108","65"
"109","65"
"110","65"
"111","66"
"112","66"
"113","66"
"114","66"
"115","66"
"116","66"
"117","66"
"118","67"
"119","67"
"120","67"
"121","67"
"122","67"
"123","68"
"124","68"
"125","68"
"126","68"
"127","68"
"128","68"
"129","68"
"130","68"
"131","68"
"132","69"
"133","69"
"134","69"
"135","69"
"136","69"
"137","69"
"138","69"
"139","69"
"140","69"
"141","70"
"142","70"
"143","70"
"144","70"
"145","70"
"146","70"
"147","70"
"148","71"
"149","71"
"150","71"
"151","71"
"152","71"
"153","72"
"154","72"
"155","72"
"156","72"
"157","73"
"158","73"
"159","73"
"160","73"
"161","73"
"162","73"
"163","73"
"164","74"
"165","74"
"166","74"
"167","74"
"168","74"
"169","75"
"170","75"
"171","75"
"172","75"
"173","76"
"174","76"
"175","76"
"176","76"
"177","77"
"178","77"
"179","77"
"180","77"
"181","77"
"182","77"
"183","77"
"184","77"
"185","78"
"186","78"
"187","78"
"188","78"
"189","78"
"190","78"
"191","79"
"192","79"
"193","79"
"194","79"
"195","79"
"196","80"
"197","80"
"198","80"
"199","80"
"200","80"
"201","80"
"202","80"
"203","81"
"204","81"
"205","81"
"206","81"
"207","81"
"208","81"
"209","81"
"210","81"
"211","82"
"212","82"
"213","82"
"214","82"
"215","82"
"216","82"
"217","82"
"218","82"
"219","82"
"220","83"
"221","83"
"222","83"
"223","83"
"224","83"
"225","83"
"226","83"
"227","83"
"228","84"
"229","84"
"230","84"
"231","84"
"232","84"
"233","84"
"234","84"
"235","84"
"236","85"
"237","85"
"238","85"
"239","85"
"240","86"
"241","86"
"242","86"
"243","86"
"244","86"
"245","86"
"246","86"
"247","87"
"248","87"
"249","87"
"250","87"
"251","88"
"252","88"
"253","88"
"254","88"
"255","88"
"256","88"
"257","89"
"258","89"
"259","89"
"260","89"
"261","89"
"262","90"
"263","90"
"264","90"
"265","90"
"266","90"
"267","90"
"268","90"
"269","90"
"270","90"
"271","90"
"272","91"
"273","91"
"274","91"
"275","91"
"276","91"
"277","91"
"278","91"
"279","91"
"280","91"
"281","92"
"282","92"
"283","92"
"284","92"
"285","92"
"286","92"
"287","92"
"288","92"
"289","92"
"290","93"
"291","93"
"292","93"
"293","93"
"294","94"
"295","94"
"296","94"
"297","94"
"298","94"
"299","94"
"300","94"
"301","95"
"302","95"
"303","95"
"304","95"
"305","95"
"306","95"
"307","95"
"308","96"
"309","96"
"310","96"
"311","96"
"312","96"
"313","96"
"314","96"
"315","96"
"316","97"
"317","97"
"318","97"
"319","97"
"320","97"
"321","98"
"322","98"
"323","98"
"324","98"
"325","98"
"326","99"
"327","99"
"328","99"
"329","99"
"330","100"
"331","100"
"332","100"
"333","100"
"334","100"
"335","100"
"336","100"
"337","100"
"338","101"
"339","101"
"340","101"
"341","101"
"342","101"
"343","102"
"344","102"
"345","102"
"346","102"
"347","102"
"348","102"
"349","102"
"350","102"
"351","102"
"352","103"
"353","103"
"354","103"
"355","103"
"356","103"
"357","103"
"358","103"
"359","103"
"360","103"
"361","104"
"362","104"
"363","104"
"364","104"
"365","104"
"366","104"
"367","104"
"368","104"
"369","104"
"370","105"
"371","105"
"372","105"
"373","105"
"374","105"
"375","106"
"376","106"
"377","106"
"378","106"
"379","107"
"380","107"
"381","107"
"382","107"
"383","107"
"384","107"
"385","107"
"386","107"
"387","108"
"388","108"
"389","108"
"390","108"
"391","108"
"392","109"
"393","109"
"394","109"
"395","109"
"396","109"
"397","109"
"398","109"
"399","110"
"400","110"
"401","110"
"402","110"
"403","110"
"404","110"
"405","110"
"406","110"
"407","110"
"408","111"
"409","111"
"410","111"
"411","111"
"412","111"
"413","111"
"414","112"
"415","112"
"416","112"
"417","112"
"418","112"
"419","112"
"420","112"
"421","113"
"422","113"
"423","113"
"424","113"
"425","113"
"426","113"
"427","113"
"428","113"
"429","113"
"430","113"
"431","114"
"432","114"
"433","114"
"434","114"
"435","114"
"436","114"
"437","115"
"438","115"
"439","115"
"440","115"
"441","115"
"442","115"
"443","116"
"444","116"
"445","116"
"446","116"
"447","116"
"448","116"
"449","116"
"450","116"
"451","116"
"452","117"
"453","117"
"454","117"
"455","117"
"456","117"
"457","117"
"458","117"
"459","117"
"460","117"
"461","118"
"462","118"
"463","118"
"464","118"
"465","118"
"466","118"
"467","118"
"468","119"
"469","119"
"470","119"
"471","119"
"472","119"
"473","119"
"474","119"
"475","119"
"476","120"
"477","120"
"478","120"
"479","120"
"480","120"
"481","120"
"482","120"
"483","120"
"484","120"
"485","121"
"486","121"
"487","121"
"488","121"
"489","121"
"490","121"
"491","121"
"492","122"
"493","122"
"494","122"
"495","122"
"496","122"
"497","122"
"498","122"
"499","123"
"500","123"
"501","123"
"502","123"
"503","123"
"504","123"
"505","123"
"506","123"
"507","123"
"508","123"
"509","124"
"510","124"
"511","124"
"512","124"
"513","124"
"514","124"
"515","125"
"516","125"
"517","125"
"518","125"
"519","126"
"520","126"
"521","126"
"522","126"
"523","126"
"524","127"
"525","127"
"526","127"
"527","127"
"528","127"
"529","128"
"530","128"
"531","128"
"532","128"
"533","128"
"534","129"
"535","129"
"536","129"
"537","129"
"538","129"
"539","129"
"540","129"
"541","129"
"542","130"
"543","130"
"544","130"
"545","130"
"546","130"
"547","130"
"548","130"
"549","130"
"550","130"
"551","130"
"552","131"
"553","131"
"554","131"
"555","131"
"556","131"
"557","132"
"558","132"
"559","132"
"560","132"
"561","132"
"562","132"
"563","132"
"564","132"
"565","132"
"566","132"
"567","133"
"568","133"
"569","133"
"570","133"
"571","133"
"572","133"
"573","133"
"574","133"
"575","134"
"576","134"
"577","134"
"578","134"
"579","134"
"580","135"
"581","135"
"582","135"
"583","135"
"584","135"
"585","135"
"586","135"
"587","135"
"588","135"
"589","136"
"590","136"
"591","136"
"592","136"
"593","136"
"594","136"
"595","136"
"596","136"
"597","137"
"598","137"
"599","137"
"600","137"
"601","137"
"602","137"
"603","138"
"604","138"
"605","138"
"606","138"
"607","138"
"608","138"
"609","138"
"610","138"
"611","139"
"612","139"
"613","139"
"614","139"
"615","139"
"616","139"
"617","139"
"618","139"
"619","139"
"620","140"
"621","140"
"622","140"
"623","140"
"624","140"
"625","140"
"626","140"
"627","140"
"628","140"
"629","140"
"630","141"
"631","141"
"632","141"
"633","141"
"634","141"
"635","141"
"636","142"
"637","142"
"638","142"
"639","142"
"640","142"
"641","142"
"642","142"
"643","142"
"644","143"
"645","143"
"646","143"
"647","143"
"648","143"
"649","143"
"650","143"
"651","143"
"652","143"
"653","144"
"654","144"
"655","144"
"656","144"
"657","144"
"658","144"
"659","144"
"660","144"
"661","144"
"662","144"
"663","145"
"664","145"
"665","145"
"666","145"
"667","145"
"668","145"
"669","145"
"670","146"
"671","146"
"672","146"
"673","146"
"674","146"
"675","146"
"676","146"
"677","147"
"678","147"
"679","147"
"680","147"
"681","148"
"682","148"
"683","148"
"684","148"
"685","148"
"686","148"
"687","148"
"688","148"
"689","148"
"690","149"
"691","149"
"692","149"
"693","149"
"694","150"
"695","150"
"696","150"
"697","150"
"698","151"
"699","151"
"700","151"
"701","151"
"702","151"
"703","151"
"704","151"
"705","152"
"706","152"
"707","152"
"708","152"
"709","152"
"710","152"
"711","152"
"712","152"
"713","152"
"714","153"
"715","153"
"716","153"
"717","153"
"718","154"
"719","154"
"720","154"
"721","154"
"722","154"
"723","155"
"724","155"
"725","155"
"726","155"
"727","155"
"728","156"
"729","156"
"730","156"
"731","156"
"732","156"
"733","156"
"734","156"
"735","156"
"736","156"
"737","157"
"738","157"
"739","157"
"740","157"
"741","158"
"742","158"
"743","158"
"744","158"
"745","158"
"746","158"
"747","158"
"748","158"
"749","158"
"750","159"
"751","159"
"752","159"
"753","159"
"754","159"
"755","159"
"756","159"
"757","159"
"758","160"
"759","160"
"760","160"
"761","160"
"762","160"
"763","160"
"764","160"
"765","160"
"766","160"
"767","160"
"768","161"
"769","161"
"770","161"
"771","161"
"772","162"
"773","162"
"774","162"
"775","162"
"776","162"
"777","162"
"778","162"
"779","163"
"780","163"
"781","163"
"782","163"
"783","164"
"784","164"
"785","164"
"786","164"
"787","164"
"788","164"
"789","164"
"790","164"
"791","164"
"792","164"
"793","165"
"794","165"
"795","165"
"796","165"
"797","165"
"798","166"
"799","166"
"800","166"
"801","166"
"802","166"
"803","166"
"804","166"
"805","166"
"806","166"
"807","167"
"808","167"
"809","167"
"810","167"
"811","167"
"812","167"
"813","168"
"814","168"
"815","168"
"816","168"
"817","168"
"818","168"
"819","168"
"820","169"
"821","169"
"822","169"
"823","169"
"824","169"
"825","169"
"826","169"
"827","169"
"828","169"
"829","170"
"830","170"
"831","170"
"832","170"
"833","170"
"834","170"
"835","170"
"836","170"
"837","170"
"838","171"
"839","171"
"840","171"
"841","171"
"842","171"
"843","171"
"844","172"
"845","172"
"846","172"
"847","172"
"848","172"
"849","172"
"850","172"
"851","173"
"852","173"
"853","173"
"854","173"
"855","173"
"856","173"
"857","174"
"858","174"
"859","174"
"860","174"
"861","174"
"862","174"
"863","175"
"864","175"
"865","175"
"866","175"
"867","175"
"868","175"
"869","175"
"870","176"
"871","176"
"872","176"
"873","176"
"874","176"
"875","177"
"876","177"
"877","177"
"878","177"
"879","177"
"880","178"
"881","178"
"882","178"
"883","178"
"884","178"
"885","178"
"886","178"
"887","179"
"888","179"
"889","179"
"890","179"
"891","179"
"892","179"
"893","179"
"894","179"
"895","179"
"896","180"
"897","180"
"898","180"
"899","180"
"900","180"
"901","180"
"902","180"
"903","180"
"904","181"
"905","181"
"906","181"
"907","181"
"908","182"
"909","182"
"910","182"
"911","182"
"912","182"
"913","182"
"914","183"
"915","183"
"916","183"
"917","183"
"918","183"
"919","183"
"920","183"
"921","183"
"922","183"
"923","183"
"924","184"
"925","184"
"926","184"
"927","184"
"928","184"
"929","184"
"930","184"
"931","185"
"932","185"
"933","185"
"934","185"
"935","185"
"936","185"
"937","185"
"938","185"
"939","185"
"940","185"
"941","186"
"942","186"
"943","186"
"944","186"
"945","186"
"946","187"
"947","187"
"948","187"
"949","187"
"950","188"
"951","188"
"952","188"
"953","188"
"954","189"
"955","189"
"956","189"
"957","189"
"958","189"
"959","189"
"960","189"
"961","189"
"962","189"
"963","189"
"964","190"
"965","190"
"966","190"
"967","190"
"968","190"
"969","190"
"970","190"
"971","190"
"972","191"
"973","191"
"974","191"
"975","191"
"976","191"
"977","191"
"978","192"
"979","192"
"980","192"
"981","192"
"982","192"
"983","192"
"984","193"
"985","193"
"986","193"
"987","193"
"988","193"
"989","193"
"990","193"
"991","193"
"992","194"
"993","194"
"994","194"
"995","194"
"996","194"
"997","195"
"998","195"
"999","195"
"1000","195"
"1001","195"
"1002","195"
"1003","195"
"1004","195"
"1005","196"
"1006","196"
"1007","196"
"1008","196"
"1009","196"
"1010","196"
"1011","196"
"1012","196"
"1013","197"
"1014","197"
"1015","197"
"1016","197"
"1017","197"
"1018","197"
"1019","197"
"1020","197"
"1021","198"
"1022","198"
"1023","198"
"1024","198"
"1025","198"
"1026","199"
"1027","199"
"1028","199"
"1029","199"
"1030","200"
"1031","200"
"1032","200"
"1033","200"
"1034","200"
"1035","200"
"1036","200"
"1037","201"
"1038","201"
"1039","201"
"1040","201"
"1041","202"
"1042","202"
"1043","202"
"1044","202"
"1045","202"
"1046","202"
"1047","202"
"1048","202"
"1049","203"
"1050","203"
"1051","203"
"1052","203"
"1053","203"
"1054","204"
"1055","204"
"1056","204"
"1057","204"
"1058","205"
"1059","205"
"1060","205"
"1061","205"
"1062","205"
"1063","205"
"1064","205"
"1065","205"
"1066","205"
"1067","205"
"1068","206"
"1069","206"
"1070","206"
"1071","206"
"1072","206"
"1073","206"
"1074","207"
"1075","207"
"1076","207"
"1077","207"
"1078","207"
"1079","207"
"1080","207"
"1081","207"
"1082","208"
"1083","208"
"1084","208"
"1085","208"
"1086","208"
"1087","208"
"1088","208"
"1089","209"
"1090","209"
"1091","209"
"1092","209"
"1093","209"
"1094","209"
"1095","209"
"1096","210"
"1097","210"
"1098","210"
"1099","210"
"1100","210"
"1101","211"
"1102","211"
"1103","211"
"1104","211"
"1105","211"
"1106","212"
"1107","212"
"1108","212"
"1109","212"
"1110","212"
"1111","213"
"1112","213"
"1113","213"
"1114","213"
"1115","213"
"1116","213"
"1117","213"
"1118","214"
"1119","214"
"1120","214"
"1121","214"
"1122","214"
"1123","214"
"1124","214"
"1125","214"
"1126","214"
"1127","214"
"1128","215"
"1129","215"
"1130","215"
"1131","215"
"1132","215"
"1133","215"
"1134","215"
"1135","216"
"1136","216"
"1137","216"
"1138","216"
"1139","216"
"1140","216"
"1141","216"
"1142","216"
"1143","216"
"1144","216"
"1145","217"
"1146","217"
"1147","217"
"1148","217"
"1149","217"
"1150","217"
"1151","217"
"1152","218"
"1153","218"
"1154","218"
"1155","218"
"1156","218"
"1157","218"
"1158","218"
"1159","218"
"1160","218"
"1161","219"
"1162","219"
"1163","219"
"1164","219"
"1165","219"
"1166","219"
"1167","219"
"1168","220"
"1169","220"
"1170","220"
"1171","220"
"1172","221"
"1173","221"
"1174","221"
"1175","221"
"1176","221"
"1177","221"
"1178","221"
"1179","221"
"1180","221"
"1181","222"
"1182","222"
"1183","222"
"1184","222"
"1185","222"
"1186","222"
"1187","223"
"1188","223"
"1189","223"
"1190","223"
"1191","223"
"1192","223"
"1193","223"
"1194","223"
"1195","223"
"1196","224"
"1197","224"
"1198","224"
"1199","224"
"1200","224"
"1201","225"
"1202","225"
"1203","225"
"1204","225"
"1205","225"
"1206","225"
"1207","225"
"1208","226"
"1209","226"
"1210","226"
"1211","226"
"1212","227"
"1213","227"
"1214","227"
"1215","227"
"1216","227"
"1217","227"
"1218","227"
"1219","227"
"1220","227"
"1221","227"
"1222","228"
"1223","228"
"1224","228"
"1225","228"
"1226","228"
"1227","228"
"1228","228"
"1229","228"
"1230","229"
"1231","229"
"1232","229"
"1233","229"
"1234","229"
"1235","229"
"1236","229"
"1237","229"
"1238","229"
"1239","230"
"1240","230"
"1241","230"
"1242","230"
"1243","230"
"1244","230"
"1245","230"
"1246","230"
"1247","230"
"1248","231"
"1249","231"
"1250","231"
"1251","231"
"1252","231"
"1253","232"
"1254","232"
"1255","232"
"1256","232"
"1257","232"
"1258","233"
"1259","233"
"1260","233"
"1261","233"
"1262","233"
"1263","233"
"1264","234"
"1265","234"
"1266","234"
"1267","234"
"1268","234"
"1269","234"
"1270","234"
"1271","234"
"1272","235"
"1273","235"
"1274","235"
"1275","235"
"1276","236"
"1277","236"
"1278","236"
"1279","236"
"1280","236"
"1281","236"
"1282","236"
"1283","236"
"1284","236"
"1285","236"
"1286","237"
"1287","237"
"1288","237"
"1289","237"
"1290","237"
"1291","237"
"1292","237"
"1293","237"
"1294","237"
"1295","237"
"1296","238"
"1297","238"
"1298","238"
"1299","238"
"1300","238"
"1301","238"
"1302","238"
"1303","238"
"1304","238"
"1305","239"
"1306","239"
"1307","239"
"1308","239"
"1309","239"
"1310","239"
"1311","239"
"1312","239"
"1313","239"
"1314","239"
"1315","240"
"1316","240"
"1317","240"
"1318","240"
"1319","240"
"1320","240"
"1321","240"
"1322","241"
"1323","241"
"1324","241"
"1325","241"
"1326","241"
"1327","241"
"1328","241"
"1329","241"
"1330","241"
"1331","241"
"1332","242"
"1333","242"
"1334","242"
"1335","242"
"1336","242"
"1337","243"
"1338","243"
"1339","243"
"1340","243"
"1341","243"
"1342","243"
"1343","243"
"1344","243"
"1345","244"
"1346","244"
"1347","244"
"1348","244"
"1349","244"
"1350","245"
"1351","245"
"1352","245"
"1353","245"
"1354","245"
"1355","245"
"1356","245"
"1357","245"
"1358","245"
"1359","246"
"1360","246"
"1361","246"
"1362","246"
"1363","246"
"1364","246"
"1365","246"
"1366","246"
"1367","247"
"1368","247"
"1369","247"
"1370","247"
"1371","247"
"1372","247"
"1373","247"
"1374","248"
"1375","248"
"1376","248"
"1377","248"
"1378","248"
"1379","248"
"1380","249"
"1381","249"
"1382","249"
"1383","249"
"1384","250"
"1385","250"
"1386","250"
"1387","250"
"1388","250"
"1389","250"
"1390","250"
"1391","250"
"1392","250"
"1393","250"
"1394","251"
"1395","251"
"1396","251"
"1397","251"
"1398","252"
"1399","252"
"1400","252"
"1401","252"
"1402","252"
"1403","252"
"1404","252"
"1405","253"
"1406","253"
"1407","253"
"1408","253"
"1409","253"
"1410","253"
"1411","253"
"1412","253"
"1413","254"
"1414","254"
"1415","254"
"1416","254"
"1417","254"
"1418","254"
"1419","254"
"1420","254"
"1421","255"
"1422","255"
"1423","255"
"1424","255"
"1425","255"
"1426","255"
"1427","255"
"1428","255"
"1429","255"
"1430","255"
"1431","256"
"1432","256"
"1433","256"
"1434","256"
"1435","256"
"1436","256"
"1437","256"
"1438","257"
"1439","257"
"1440","257"
"1441","257"
"1442","257"
"1443","257"
"1444","257"
"1445","257"
"1446","257"
"1447","257"
"1448","258"
"1449","258"
"1450","258"
"1451","258"
"1452","258"
"1453","259"
"1454","259"
"1455","259"
"1456","259"
"1457","259"
"1458","259"
"1459","259"
"1460","259"
"1461","260"
"1462","260"
"1463","260"
"1464","260"
"1465","260"
"1466","260"
"1467","260"
"1468","261"
"1469","261"
"1470","261"
"1471","261"
"1472","261"
"1473","262"
"1474","262"
"1475","262"
"1476","262"
"1477","262"
"1478","262"
"1479","263"
"1480","263"
"1481","263"
"1482","263"
"1483","263"
"1484","263"
"1485","263"
"1486","263"
"1487","264"
"1488","264"
"1489","264"
"1490","264"
"1491","264"
"1492","264"
"1493","264"
"1494","265"
"1495","265"
"1496","265"
"1497","265"
"1498","265"
"1499","265"
"1500","265"
"1501","265"
"1502","266"
"1503","266"
"1504","266"
"1505","266"
"1506","266"
"1507","266"
"1508","267"
"1509","267"
"1510","267"
"1511","267"
"1512","267"
"1513","267"
"1514","267"
"1515","268"
"1516","268"
"1517","268"
"1518","268"
"1519","268"
"1520","269"
"1521","269"
"1522","269"
"1523","269"
"1524","269"
"1525","269"
"1526","270"
"1527","270"
"1528","270"
"1529","270"
"1530","270"
"1531","270"
"1532","270"
"1533","270"
"1534","270"
"1535","270"
"1536","271"
"1537","271"
"1538","271"
"1539","271"
"1540","272"
"1541","272"
"1542","272"
"1543","272"
"1544","272"
"1545","272"
"1546","272"
"1547","272"
"1548","273"
"1549","273"
"1550","273"
"1551","273"
"1552","274"
"1553","274"
"1554","274"
"1555","274"
"1556","274"
"1557","274"
"1558","274"
"1559","274"
"1560","274"
"1561","274"
"1562","275"
"1563","275"
"1564","275"
"1565","275"
"1566","275"
"1567","275"
"1568","276"
"1569","276"
"1570","276"
"1571","276"
"1572","276"
"1573","276"
"1574","276"
"1575","276"
"1576","276"
"1577","277"
"1578","277"
"1579","277"
"1580","277"
"1581","277"
"1582","277"
"1583","277"
"1584","278"
"1585","278"
"1586","278"
"1587","278"
"1588","278"
"1589","278"
"1590","278"
"1591","278"
"1592","278"
"1593","278"
"1594","279"
"1595","279"
"1596","279"
"1597","279"
"1598","279"
"1599","280"
"1600","280"
"1601","280"
"1602","280"
"1603","280"
"1604","280"
"1605","280"
"1606","280"
"1607","280"
"1608","280"
"1609","281"
"1610","281"
"1611","281"
"1612","281"
"1613","281"
"1614","281"
"1615","281"
"1616","281"
"1617","282"
"1618","282"
"1619","282"
"1620","282"
"1621","282"
"1622","283"
"1623","283"
"1624","283"
"1625","283"
"1626","283"
"1627","283"
"1628","283"
"1629","284"
"1630","284"
"1631","284"
"1632","284"
"1633","284"
"1634","285"
"1635","285"
"1636","285"
"1637","285"
"1638","285"
"1639","285"
"1640","285"
"1641","286"
"1642","286"
"1643","286"
"1644","286"
"1645","286"
"1646","287"
"1647","287"
"1648","287"
"1649","287"
"1650","287"
"1651","287"
"1652","287"
"1653","287"
"1654","287"
"1655","288"
"1656","288"
"1657","288"
"1658","288"
"1659","288"
"1660","288"
"1661","288"
"1662","288"
"1663","289"
"1664","289"
"1665","289"
"1666","289"
"1667","289"
"1668","289"
"1669","289"
"1670","289"
"1671","289"
"1672","289"
"1673","290"
"1674","290"
"1675","290"
"1676","290"
"1677","290"
"1678","290"
"1679","290"
"1680","290"
"1681","290"
"1682","291"
"1683","291"
"1684","291"
"1685","291"
"1686","291"
"1687","291"
"1688","291"
"1689","292"
"1690","292"
"1691","292"
"1692","292"
"1693","292"
"1694","293"
"1695","293"
"1696","293"
"1697","293"
"1698","293"
"1699","294"
"1700","294"
"1701","294"
"1702","294"
"1703","294"
"1704","294"
"1705","295"
"1706","295"
"1707","295"
"1708","295"
"1709","296"
"1710","296"
"1711","296"
"1712","296"
"1713","296"
"1714","296"
"1715","296"
"1716","296"
"1717","296"
"1718","297"
"1719","297"
"1720","297"
"1721","297"
"1722","297"
"1723","297"
"1724","297"
"1725","297"
"1726","297"
"1727","297"
"1728","298"
"1729","298"
"1730","298"
"1731","298"
"1732","298"
"1733","298"
"1734","298"
"1735","298"
"1736","299"
"1737","299"
"1738","299"
"1739","299"
"1740","299"
"1741","300"
"1742","300"
"1743","300"
"1744","300"
"1745","300"
"1746","300"
"1747","300"
"1748","300"
"1749","301"
"1750","301"
"1751","301"
"1752","301"
"1753","301"
"1754","301"
"1755","301"
"1756","301"
"1757","301"
"1758","302"
"1759","302"
"1760","302"
"1761","302"
"1762","302"
"1763","303"
"1764","303"
"1765","303"
"1766","303"
"1767","304"
"1768","304"
"1769","304"
"1770","304"
"1771","304"
"1772","305"
"1773","305"
"1774","305"
"1775","305"
"1776","305"
"1777","305"
"1778","305"
"1779","306"
"1780","306"
"1781","306"
"1782","306"
"1783","306"
"1784","306"
"1785","306"
"1786","306"
"1787","306"
"1788","306"
"1789","307"
"1790","307"
"1791","307"
"1792","307"
"1793","307"
"1794","307"
"1795","307"
"1796","307"
"1797","308"
"1798","308"
"1799","308"
"1800","308"
"1801","308"
"1802","308"
"1803","308"
"1804","308"
"1805","308"
"1806","309"
"1807","309"
"1808","309"
"1809","309"
"1810","309"
"1811","310"
"1812","310"
"1813","310"
"1814","310"
"1815","310"
"1816","310"
"1817","310"
"1818","310"
"1819","311"
"1820","311"
"1821","311"
"1822","311"
"1823","311"
"1824","311"
"1825","312"
"1826","312"
"1827","312"
"1828","312"
"1829","312"
"1830","312"
"1831","313"
"1832","313"
"1833","313"
"1834","313"
"1835","313"
"1836","314"
"1837","314"
"1838","314"
"1839","314"
"1840","314"
"1841","314"
"1842","314"
"1843","315"
"1844","315"
"1845","315"
"1846","315"
"1847","315"
"1848","315"
"1849","315"
"1850","315"
"1851","315"
"1852","315"
"1853","316"
"1854","316"
"1855","316"
"1856","316"
"1857","316"
"1858","316"
"1859","317"
"1860","317"
"1861","317"
"1862","317"
"1863","317"
"1864","318"
"1865","318"
"1866","318"
"1867","318"
"1868","318"
"1869","318"
"1870","318"
"1871","318"
"1872","319"
"1873","319"
"1874","319"
"1875","319"
"1876","319"
"1877","319"
"1878","319"
"1879","319"
"1880","319"
"1881","319"
"1882","320"
"1883","320"
"1884","320"
"1885","320"
"1886","320"
"1887","320"
"1888","320"
"1889","320"
"1890","321"
"1891","321"
"1892","321"
"1893","321"
"1894","321"
"1895","321"
"1896","321"
"1897","321"
"1898","322"
"1899","322"
"1900","322"
"1901","322"
"1902","322"
"1903","323"
"1904","323"
"1905","323"
"1906","323"
"1907","323"
"1908","323"
"1909","323"
"1910","324"
"1911","324"
"1912","324"
"1913","324"
"1914","324"
"1915","324"
"1916","325"
"1917","325"
"1918","325"
"1919","325"
"1920","325"
"1921","326"
"1922","326"
"1923","326"
"1924","326"
"1925","326"
"1926","326"
"1927","327"
"1928","327"
"1929","327"
"1930","327"
"1931","328"
"1932","328"
"1933","328"
"1934","328"
"1935","329"
"1936","329"
"1937","329"
"1938","329"
"1939","329"
"1940","329"
"1941","329"
"1942","329"
"1943","329"
"1944","329"
"1945","330"
"1946","330"
"1947","330"
"1948","330"
"1949","330"
"1950","330"
"1951","331"
"1952","331"
"1953","331"
"1954","331"
"1955","331"
"1956","331"
"1957","331"
"1958","331"
"1959","332"
"1960","332"
"1961","332"
"1962","332"
"1963","332"
"1964","332"
"1965","332"
"1966","332"
"1967","333"
"1968","333"
"1969","333"
"1970","333"
"1971","333"
"1972","333"
"1973","333"
"1974","334"
"1975","334"
"1976","334"
"1977","334"
"1978","334"
"1979","334"
"1980","334"
"1981","334"
"1982","334"
"1983","334"
"1984","335"
"1985","335"
"1986","335"
"1987","335"
"1988","335"
"1989","335"
"1990","336"
"1991","336"
"1992","336"
"1993","336"
"1994","336"
"1995","336"
"1996","336"
"1997","336"
"1998","336"
"1999","337"
"2000","337"
"2001","337"
"2002","337"
"2003","338"
"2004","338"
"2005","338"
"2006","338"
"2007","339"
"2008","339"
"2009","339"
"2010","339"
"2011","339"
"2012","340"
"2013","340"
"2014","340"
"2015","340"
"2016","340"
"2017","340"
"2018","340"
"2019","341"
"2020","341"
"2021","341"
"2022","341"
"2023","341"
"2024","341"
"2025","341"
"2026","341"
"2027","341"
"2028","341"
"2029","342"
"2030","342"
"2031","342"
"2032","342"
"2033","342"
"2034","342"
"2035","342"
"2036","342"
"2037","342"
"2038","343"
"2039","343"
"2040","343"
"2041","343"
"2042","343"
"2043","343"
"2044","343"
"2045","344"
"2046","344"
"2047","344"
"2048","344"
"2049","344"
"2050","344"
"2051","344"
"2052","344"
"2053","345"
"2054","345"
"2055","345"
"2056","345"
"2057","345"
"2058","345"
"2059","345"
"2060","346"
"2061","346"
"2062","346"
"2063","346"
"2064","347"
"2065","347"
"2066","347"
"2067","347"
"2068","347"
"2069","347"
"2070","347"
"2071","347"
"2072","347"
"2073","348"
"2074","348"
"2075","348"
"2076","348"
"2077","348"
"2078","348"
"2079","349"
"2080","349"
"2081","349"
"2082","349"
"2083","349"
"2084","349"
"2085","350"
"2086","350"
"2087","350"
"2088","350"
"2089","350"
"2090","350"
"2091","350"
"2092","350"
"2093","350"
"2094","351"
"2095","351"
"2096","351"
"2097","351"
"2098","351"
"2099","351"
"2100","351"
"2101","351"
"2102","351"
"2103","352"
"2104","352"
"2105","352"
"2106","352"
"2107","352"
"2108","353"
"2109","353"
"2110","353"
"2111","353"
"2112","353"
"2113","353"
"2114","354"
"2115","354"
"2116","354"
"2117","354"
"2118","354"
"2119","354"
"2120","354"
"2121","354"
"2122","354"
"2123","354"
"2124","355"
"2125","355"
"2126","355"
"2127","355"
"2128","355"
"2129","355"
"2130","355"
"2131","355"
"2132","356"
"2133","356"
"2134","356"
"2135","356"
"2136","356"
"2137","357"
"2138","357"
"2139","357"
"2140","357"
"2141","357"
"2142","357"
"2143","357"
"2144","357"
"2145","357"
"2146","357"
"2147","358"
"2148","358"
"2149","358"
"2150","358"
"2151","358"
"2152","358"
"2153","358"
"2154","358"
"2155","358"
"2156","358"
"2157","359"
"2158","359"
"2159","359"
"2160","359"
"2161","359"
"2162","359"
"2163","359"
"2164","359"
"2165","359"
"2166","359"
"2167","360"
"2168","360"
"2169","360"
"2170","360"
"2171","360"
"2172","360"
"2173","360"
"2174","361"
"2175","361"
"2176","361"
"2177","361"
"2178","361"
"2179","362"
"2180","362"
"2181","362"
"2182","362"
"2183","362"
"2184","362"
"2185","362"
"2186","362"
"2187","362"
"2188","363"
"2189","363"
"2190","363"
"2191","363"
"2192","363"
"2193","363"
"2194","363"
"2195","363"
"2196","363"
"2197","364"
"2198","364"
"2199","364"
"2200","364"
"2201","364"
"2202","364"
"2203","364"
"2204","364"
"2205","364"
"2206","364"
"2207","365"
"2208","365"
"2209","365"
"2210","365"
"2211","365"
"2212","365"
"2213","365"
"2214","365"
"2215","365"
"2216","365"
"2217","366"
"2218","366"
"2219","366"
"2220","366"
"2221","366"
"2222","366"
"2223","366"
"2224","366"
"2225","366"
"2226","367"
"2227","367"
"2228","367"
"2229","367"
"2230","367"
"2231","367"
"2232","368"
"2233","368"
"2234","368"
"2235","368"
"2236","368"
"2237","368"
"2238","369"
"2239","369"
"2240","369"
"2241","369"
"2242","369"
"2243","370"
"2244","370"
"2245","370"
"2246","370"
"2247","370"
"2248","370"
"2249","370"
"2250","370"
"2251","370"
"2252","370"
"2253","371"
"2254","371"
"2255","371"
"2256","371"
"2257","371"
"2258","371"
"2259","371"
"2260","372"
"2261","372"
"2262","372"
"2263","372"
"2264","372"
"2265","372"
"2266","372"
"2267","372"
"2268","372"
"2269","373"
"2270","373"
"2271","373"
"2272","373"
"2273","373"
"2274","373"
"2275","373"
"2276","374"
"2277","374"
"2278","374"
"2279","374"
"2280","375"
"2281","375"
"2282","375"
"2283","375"
"2284","375"
"2285","375"
"2286","375"
"2287","375"
"2288","375"
"2289","376"
"2290","376"
"2291","376"
"2292","376"
"2293","376"
"2294","376"
"2295","377"
"2296","377"
"2297","377"
"2298","377"
"2299","377"
"2300","377"
"2301","377"
"2302","377"
"2303","377"
"2304","378"
"2305","378"
"2306","378"
"2307","378"
"2308","379"
"2309","379"
"2310","379"
"2311","379"
"2312","379"
"2313","379"
"2314","379"
"2315","379"
"2316","380"
"2317","380"
"2318","380"
"2319","380"
"2320","380"
"2321","380"
"2322","380"
"2323","380"
"2324","381"
"2325","381"
"2326","381"
"2327","381"
"2328","381"
"2329","381"
"2330","381"
"2331","381"
"2332","381"
"2333","381"
"2334","382"
"2335","382"
"2336","382"
"2337","382"
"2338","382"
"2339","382"
"2340","383"
"2341","383"
"2342","383"
"2343","383"
"2344","383"
"2345","383"
"2346","383"
"2347","383"
"2348","384"
"2349","384"
"2350","384"
"2351","384"
"2352","384"
"2353","384"
"2354","384"
"2355","385"
"2356","385"
"2357","385"
"2358","385"
"2359","385"
"2360","385"
"2361","385"
"2362","385"
"2363","385"
"2364","386"
"2365","386"
"2366","386"
"2367","386"
"2368","387"
"2369","387"
"2370","387"
"2371","387"
"2372","387"
"2373","387"
"2374","387"
"2375","387"
"2376","387"
"2377","387"
"2378","388"
"2379","388"
"2380","388"
"2381","388"
"2382","388"
"2383","388"
"2384","389"
"2385","389"
"2386","389"
"2387","389"
"2388","389"
"2389","389"
"2390","389"
"2391","389"
"2392","389"
"2393","389"
"2394","390"
"2395","390"
"2396","390"
"2397","390"
"2398","391"
"2399","391"
"2400","391"
"2401","391"
"2402","391"
"2403","391"
"2404","392"
"2405","392"
"2406","392"
"2407","392"
"2408","392"
"2409","392"
"2410","392"
"2411","393"
"2412","393"
"2413","393"
"2414","393"
"2415","393"
"2416","393"
"2417","393"
"2418","393"
"2419","394"
"2420","394"
"2421","394"
"2422","394"
"2423","394"
"2424","394"
"2425","394"
"2426","394"
"2427","394"
"2428","394"
"2429","395"
"2430","395"
"2431","395"
"2432","395"
"2433","395"
"2434","395"
"2435","395"
"2436","395"
"2437","396"
"2438","396"
"2439","396"
"2440","396"
"2441","396"
"2442","396"
"2443","397"
"2444","397"
"2445","397"
"2446","397"
"2447","398"
"2448","398"
"2449","398"
"2450","398"
"2451","398"
"2452","398"
"2453","399"
"2454","399"
"2455","399"
"2456","399"
"2457","400"
"2458","400"
"2459","400"
"2460","400"
"2461","400"
"2462","400"
"2463","400"
"2464","400"
"2465","401"
"2466","401"
"2467","401"
"2468","401"
"2469","401"
"2470","401"
"2471","401"
"2472","401"
"2473","402"
"2474","402"
"2475","402"
"2476","402"
"2477","402"
"2478","402"
"2479","402"
"2480","402"
"2481","402"
"2482","403"
"2483","403"
"2484","403"
"2485","403"
"2486","403"
"2487","403"
"2488","403"
"2489","404"
"2490","404"
"2491","404"
"2492","404"
"2493","404"
"2494","404"
"2495","404"
"2496","404"
"2497","404"
"2498","405"
"2499","405"
"2500","405"
"2501","405"
"2502","405"
"2503","405"
"2504","406"
"2505","406"
"2506","406"
"2507","406"
"2508","407"
"2509","407"
"2510","407"
"2511","407"
"2512","407"
"2513","407"
"2514","408"
"2515","408"
"2516","408"
"2517","408"
"2518","409"
"2519","409"
"2520","409"
"2521","409"
"2522","409"
"2523","409"
"2524","410"
"2525","410"
"2526","410"
"2527","410"
"2528","410"
"2529","410"
"2530","410"
"2531","411"
"2532","411"
"2533","411"
"2534","411"
"2535","411"
"2536","412"
"2537","412"
"2538","412"
"2539","412"
"2540","412"
"2541","412"
"2542","412"
"2543","413"
"2544","413"
"2545","413"
"2546","413"
"2547","413"
"2548","413"
"2549","413"
"2550","413"
"2551","413"
"2552","413"
"2553","414"
"2554","414"
"2555","414"
"2556","414"
"2557","414"
"2558","414"
"2559","414"
"2560","414"
"2561","414"
"2562","414"
"2563","415"
"2564","415"
"2565","415"
"2566","415"
"2567","415"
"2568","415"
"2569","415"
"2570","415"
"2571","415"
"2572","415"
"2573","416"
"2574","416"
"2575","416"
"2576","416"
"2577","416"
"2578","416"
"2579","416"
"2580","416"
"2581","416"
"2582","417"
"2583","417"
"2584","417"
"2585","417"
"2586","417"
"2587","418"
"2588","418"
"2589","418"
"2590","418"
"2591","418"
"2592","418"
"2593","419"
"2594","419"
"2595","419"
"2596","419"
"2597","420"
"2598","420"
"2599","420"
"2600","420"
"2601","420"
"2602","420"
"2603","420"
"2604","420"
"2605","420"
"2606","421"
"2607","421"
"2608","421"
"2609","421"
"2610","421"
"2611","421"
"2612","421"
"2613","421"
"2614","422"
"2615","422"
"2616","422"
"2617","422"
"2618","422"
"2619","422"
"2620","422"
"2621","422"
"2622","422"
"2623","422"
"2624","423"
"2625","423"
"2626","423"
"2627","423"
"2628","424"
"2629","424"
"2630","424"
"2631","424"
"2632","424"
"2633","424"
"2634","424"
"2635","425"
"2636","425"
"2637","425"
"2638","425"
"2639","425"
"2640","426"
"2641","426"
"2642","426"
"2643","426"
"2644","426"
"2645","427"
"2646","427"
"2647","427"
"2648","427"
"2649","427"
"2650","428"
"2651","428"
"2652","428"
"2653","428"
"2654","428"
"2655","428"
"2656","428"
"2657","429"
"2658","429"
"2659","429"
"2660","429"
"2661","429"
"2662","429"
"2663","430"
"2664","430"
"2665","430"
"2666","430"
"2667","430"
"2668","430"
"2669","430"
"2670","430"
"2671","430"
"2672","431"
"2673","431"
"2674","431"
"2675","431"
"2676","431"
"2677","431"
"2678","431"
"2679","431"
"2680","431"
"2681","431"
"2682","432"
"2683","432"
"2684","432"
"2685","432"
"2686","432"
"2687","432"
"2688","432"
"2689","433"
"2690","433"
"2691","433"
"2692","433"
"2693","433"
"2694","433"
"2695","433"
"2696","433"
"2697","434"
"2698","434"
"2699","434"
"2700","434"
"2701","434"
"2702","434"
"2703","434"
"2704","435"
"2705","435"
"2706","435"
"2707","435"
"2708","435"
"2709","435"
"2710","435"
"2711","435"
"2712","435"
"2713","436"
"2714","436"
"2715","436"
"2716","436"
"2717","436"
"2718","436"
"2719","437"
"2720","437"
"2721","437"
"2722","437"
"2723","437"
"2724","437"
"2725","437"
"2726","437"
"2727","438"
"2728","438"
"2729","438"
"2730","438"
"2731","438"
"2732","438"
"2733","438"
"2734","438"
"2735","438"
"2736","439"
"2737","439"
"2738","439"
"2739","439"
"2740","439"
"2741","439"
"2742","439"
"2743","440"
"2744","440"
"2745","440"
"2746","440"
"2747","441"
"2748","441"
"2749","441"
"2750","441"
"2751","441"
"2752","441"
"2753","441"
"2754","441"
"2755","442"
"2756","442"
"2757","442"
"2758","442"
"2759","442"
"2760","442"
"2761","442"
"2762","443"
"2763","443"
"2764","443"
"2765","443"
"2766","443"
"2767","443"
"2768","444"
"2769","444"
"2770","444"
"2771","444"
"2772","444"
"2773","445"
"2774","445"
"2775","445"
"2776","445"
"2777","445"
"2778","445"
"2779","445"
"2780","445"
"2781","445"
"2782","446"
"2783","446"
"2784","446"
"2785","446"
"2786","446"
"2787","446"
"2788","446"
"2789","446"
"2790","447"
"2791","447"
"2792","447"
"2793","447"
"2794","447"
"2795","447"
"2796","447"
"2797","447"
"2798","447"
"2799","448"
"2800","448"
"2801","448"
"2802","448"
"2803","448"
"2804","449"
"2805","449"
"2806","449"
"2807","449"
"2808","449"
"2809","449"
"2810","449"
"2811","449"
"2812","450"
"2813","450"
"2814","450"
"2815","450"
"2816","450"
"2817","451"
"2818","451"
"2819","451"
"2820","451"
"2821","451"
"2822","452"
"2823","452"
"2824","452"
"2825","452"
"2826","452"
"2827","452"
"2828","452"
"2829","452"
"2830","452"
"2831","453"
"2832","453"
"2833","453"
"2834","453"
"2835","453"
"2836","454"
"2837","454"
"2838","454"
"2839","454"
"2840","454"
"2841","454"
"2842","455"
"2843","455"
"2844","455"
"2845","455"
"2846","455"
"2847","455"
"2848","455"
"2849","455"
"2850","455"
"2851","456"
"2852","456"
"2853","456"
"2854","456"
"2855","457"
"2856","457"
"2857","457"
"2858","457"
"2859","457"
"2860","457"
"2861","457"
"2862","457"
"2863","458"
"2864","458"
"2865","458"
"2866","458"
"2867","458"
"2868","458"
"2869","458"
"2870","458"
"2871","459"
"2872","459"
"2873","459"
"2874","459"
"2875","459"
"2876","459"
"2877","459"
"2878","459"
"2879","460"
"2880","460"
"2881","460"
"2882","460"
"2883","460"
"2884","460"
"2885","460"
"2886","460"
"2887","460"
"2888","460"
"2889","461"
"2890","461"
"2891","461"
"2892","461"
"2893","461"
"2894","461"
"2895","461"
"2896","461"
"2897","461"
"2898","461"
"2899","462"
"2900","462"
"2901","462"
"2902","462"
"2903","462"
"2904","462"
"2905","462"
"2906","462"
"2907","462"
"2908","462"
"2909","463"
"2910","463"
"2911","463"
"2912","463"
"2913","463"
"2914","463"
"2915","463"
"2916","463"
"2917","463"
"2918","463"
"2919","464"
"2920","464"
"2921","464"
"2922","464"
"2923","464"
"2924","464"
"2925","465"
"2926","465"
"2927","465"
"2928","465"
"2929","465"
"2930","466"
"2931","466"
"2932","466"
"2933","466"
"2934","466"
"2935","466"
"2936","466"
"2937","467"
"2938","467"
"2939","467"
"2940","467"
"2941","467"
"2942","468"
"2943","468"
"2944","468"
"2945","468"
"2946","468"
"2947","468"
"2948","468"
"2949","468"
"2950","468"
"2951","468"
"2952","469"
"2953","469"
"2954","469"
"2955","469"
"2956","469"
"2957","469"
"2958","469"
"2959","469"
"2960","469"
"2961","469"
"2962","470"
"2963","470"
"2964","470"
"2965","470"
"2966","470"
"2967","470"
"2968","470"
"2969","470"
"2970","471"
"2971","471"
"2972","471"
"2973","471"
"2974","471"
"2975","471"
"2976","471"
"2977","471"
"2978","471"
"2979","472"
"2980","472"
"2981","472"
"2982","472"
"2983","472"
"2984","472"
"2985","473"
"2986","473"
"2987","473"
"2988","473"
"2989","473"
"2990","473"
"2991","473"
"2992","473"
"2993","473"
"2994","474"
"2995","474"
"2996","474"
"2997","474"
"2998","474"
"2999","475"
"3000","475"
"3001","475"
"3002","475"
"3003","475"
"3004","475"
"3005","476"
"3006","476"
"3007","476"
"3008","476"
"3009","476"
"3010","476"
"3011","476"
"3012","477"
"3013","477"
"3014","477"
"3015","477"
"3016","477"
"3017","477"
"3018","477"
"3019","478"
"3020","478"
"3021","478"
"3022","478"
"3023","478"
"3024","478"
"3025","478"
"3026","478"
"3027","479"
"3028","479"
"3029","479"
"3030","479"
"3031","479"
"3032","479"
"3033","479"
"3034","479"
"3035","479"
"3036","479"
"3037","480"
"3038","480"
"3039","480"
"3040","480"
"3041","480"
"3042","481"
"3043","481"
"3044","481"
"3045","481"
"3046","481"
"3047","481"
"3048","481"
"3049","481"
"3050","482"
"3051","482"
"3052","482"
"3053","482"
"3054","482"
"3055","482"
"3056","483"
"3057","483"
"3058","483"
"3059","483"
"3060","483"
"3061","484"
"3062","484"
"3063","484"
"3064","484"
"3065","484"
"3066","484"
"3067","484"
"3068","484"
"3069","484"
"3070","485"
"3071","485"
"3072","485"
"3073","485"
"3074","485"
"3075","485"
"3076","485"
"3077","485"
"3078","485"
"3079","486"
"3080","486"
"3081","486"
"3082","486"
"3083","486"
"3084","486"
"3085","486"
"3086","486"
"3087","486"
"3088","487"
"3089","487"
"3090","487"
"3091","487"
"3092","487"
"3093","488"
"3094","488"
"3095","488"
"3096","488"
"3097","488"
"3098","488"
"3099","488"
"3100","488"
"3101","489"
"3102","489"
"3103","489"
"3104","489"
"3105","489"
"3106","490"
"3107","490"
"3108","490"
"3109","490"
"3110","490"
"3111","490"
"3112","490"
"3113","491"
"3114","491"
"3115","491"
"3116","491"
"3117","491"
"3118","492"
"3119","492"
"3120","492"
"3121","492"
"3122","492"
"3123","492"
"3124","492"
"3125","492"
"3126","492"
"3127","492"
"3128","493"
"3129","493"
"3130","493"
"3131","493"
"3132","493"
"3133","493"
"3134","494"
"3135","494"
"3136","494"
"3137","494"
"3138","494"
"3139","494"
"3140","494"
"3141","494"
"3142","494"
"3143","495"
"3144","495"
"3145","495"
"3146","495"
"3147","495"
"3148","495"
"3149","496"
"3150","496"
"3151","496"
"3152","496"
"3153","496"
"3154","496"
"3155","497"
"3156","497"
"3157","497"
"3158","497"
"3159","498"
"3160","498"
"3161","498"
"3162","498"
"3163","499"
"3164","499"
"3165","499"
"3166","499"
"3167","499"
"3168","499"
"3169","500"
"3170","500"
"3171","500"
"3172","500"
"3173","501"
"3174","501"
"3175","501"
"3176","501"
"3177","501"
"3178","501"
"3179","501"
"3180","501"
"3181","501"
"3182","502"
"3183","502"
"3184","502"
"3185","502"
"3186","502"
"3187","503"
"3188","503"
"3189","503"
"3190","503"
"3191","503"
"3192","504"
"3193","504"
"3194","504"
"3195","504"
"3196","504"
"3197","504"
"3198","505"
"3199","505"
"3200","505"
"3201","505"
"3202","505"
"3203","505"
"3204","506"
"3205","506"
"3206","506"
"3207","506"
"3208","506"
"3209","506"
"3210","507"
"3211","507"
"3212","507"
"3213","507"
"3214","507"
"3215","507"
"3216","507"
"3217","507"
"3218","507"
"3219","507"
"3220","508"
"3221","508"
"3222","508"
"3223","508"
"3224","509"
"3225","509"
"3226","509"
"3227","509"
"3228","509"
"3229","509"
"3230","509"
"3231","509"
"3232","510"
"3233","510"
"3234","510"
"3235","510"
"3236","510"
"3237","510"
"3238","511"
"3239","511"
"3240","511"
"3241","511"
"3242","511"
"3243","511"
"3244","511"
"3245","511"
"3246","511"
"3247","512"
"3248","512"
"3249","512"
"3250","512"
"3251","512"
"3252","512"
"3253","512"
"3254","512"
"3255","513"
"3256","513"
"3257","513"
"3258","513"
"3259","513"
"3260","513"
"3261","513"
"3262","513"
"3263","513"
"3264","513"
"3265","514"
"3266","514"
"3267","514"
"3268","514"
"3269","514"
"3270","514"
"3271","514"
"3272","514"
"3273","515"
"3274","515"
"3275","515"
"3276","515"
"3277","515"
"3278","515"
"3279","515"
"3280","515"
"3281","515"
"3282","516"
"3283","516"
"3284","516"
"3285","516"
"3286","516"
"3287","516"
"3288","516"
"3289","517"
"3290","517"
"3291","517"
"3292","517"
"3293","517"
"3294","518"
"3295","518"
"3296","518"
"3297","518"
"3298","518"
"3299","518"
"3300","519"
"3301","519"
"3302","519"
"3303","519"
"3304","519"
"3305","519"
"3306","520"
"3307","520"
"3308","520"
"3309","520"
"3310","520"
"3311","520"
"3312","520"
"3313","520"
"3314","520"
"3315","520"
"3316","521"
"3317","521"
"3318","521"
"3319","521"
"3320","521"
"3321","521"
"3322","522"
"3323","522"
"3324","522"
"3325","522"
"3326","522"
"3327","522"
"3328","522"
"3329","522"
"3330","522"
"3331","522"
"3332","523"
"3333","523"
"3334","523"
"3335","523"
"3336","523"
"3337","523"
"3338","523"
"3339","523"
"3340","523"
"3341","523"
"3342","524"
"3343","524"
"3344","524"
"3345","524"
"3346","524"
"3347","524"
"3348","524"
"3349","524"
"3350","525"
"3351","525"
"3352","525"
"3353","525"
"3354","525"
"3355","525"
"3356","526"
"3357","526"
"3358","526"
"3359","526"
"3360","526"
"3361","526"
"3362","526"
"3363","526"
"3364","526"
"3365","527"
"3366","527"
"3367","527"
"3368","527"
"3369","527"
"3370","527"
"3371","527"
"3372","527"
"3373","528"
"3374","528"
"3375","528"
"3376","528"
"3377","528"
"3378","528"
"3379","528"
"3380","528"
"3381","529"
"3382","529"
"3383","529"
"3384","529"
"3385","529"
"3386","529"
"3387","529"
"3388","529"
"3389","529"
"3390","529"
"3391","530"
"3392","530"
"3393","530"
"3394","530"
"3395","530"
"3396","530"
"3397","530"
"3398","530"
"3399","530"
"3400","531"
"3401","531"
"3402","531"
"3403","531"
"3404","531"
"3405","531"
"3406","531"
"3407","532"
"3408","532"
"3409","532"
"3410","532"
"3411","532"
"3412","532"
"3413","532"
"3414","532"
"3415","532"
"3416","533"
"3417","533"
"3418","533"
"3419","533"
"3420","533"
"3421","533"
"3422","533"
"3423","533"
"3424","533"
"3425","533"
"3426","534"
"3427","534"
"3428","534"
"3429","534"
"3430","534"
"3431","534"
"3432","534"
"3433","534"
"3434","534"
"3435","534"
"3436","535"
"3437","535"
"3438","535"
"3439","535"
"3440","535"
"3441","535"
"3442","535"
"3443","535"
"3444","535"
"3445","535"
"3446","536"
"3447","536"
"3448","536"
"3449","536"
"3450","536"
"3451","537"
"3452","537"
"3453","537"
"3454","537"
"3455","537"
"3456","538"
"3457","538"
"3458","538"
"3459","538"
"3460","538"
"3461","538"
"3462","539"
"3463","539"
"3464","539"
"3465","539"
"3466","539"
"3467","539"
"3468","539"
"3469","540"
"3470","540"
"3471","540"
"3472","540"
"3473","541"
"3474","541"
"3475","541"
"3476","541"
"3477","541"
"3478","541"
"3479","542"
"3480","542"
"3481","542"
"3482","542"
"3483","542"
"3484","542"
"3485","543"
"3486","543"
"3487","543"
"3488","543"
"3489","543"
"3490","544"
"3491","544"
"3492","544"
"3493","544"
"3494","544"
"3495","544"
"3496","544"
"3497","544"
"3498","544"
"3499","544"
"3500","545"
"3501","545"
"3502","545"
"3503","545"
"3504","545"
"3505","545"
"3506","545"
"3507","545"
"3508","545"
"3509","545"
"3510","546"
"3511","546"
"3512","546"
"3513","546"
"3514","546"
"3515","546"
"3516","546"
"3517","546"
"3518","546"
"3519","547"
"3520","547"
"3521","547"
"3522","547"
"3523","547"
"3524","547"
"3525","548"
"3526","548"
"3527","548"
"3528","548"
"3529","548"
"3530","549"
"3531","549"
"3532","549"
"3533","549"
"3534","549"
"3535","550"
"3536","550"
"3537","550"
"3538","550"
"3539","550"
"3540","550"
"3541","550"
"3542","550"
"3543","550"
"3544","551"
"3545","551"
"3546","551"
"3547","551"
"3548","552"
"3549","552"
"3550","552"
"3551","552"
"3552","552"
"3553","552"
"3554","552"
"3555","552"
"3556","552"
"3557","553"
"3558","553"
"3559","553"
"3560","553"
"3561","553"
"3562","554"
"3563","554"
"3564","554"
"3565","554"
"3566","555"
"3567","555"
"3568","555"
"3569","555"
"3570","555"
"3571","556"
"3572","556"
"3573","556"
"3574","556"
"3575","556"
"3576","556"
"3577","556"
"3578","556"
"3579","557"
"3580","557"
"3581","557"
"3582","557"
"3583","557"
"3584","557"
"3585","557"
"3586","557"
"3587","558"
"3588","558"
"3589","558"
"3590","558"
"3591","559"
"3592","559"
"3593","559"
"3594","559"
"3595","560"
"3596","560"
"3597","560"
"3598","560"
"3599","560"
"3600","560"
"3601","560"
"3602","560"
"3603","560"
"3604","561"
"3605","561"
"3606","561"
"3607","561"
"3608","561"
"3609","561"
"3610","561"
"3611","561"
"3612","561"
"3613","562"
"3614","562"
"3615","562"
"3616","562"
"3617","562"
"3618","562"
"3619","562"
"3620","562"
"3621","562"
"3622","563"
"3623","563"
"3624","563"
"3625","563"
"3626","563"
"3627","563"
"3628","563"
"3629","563"
"3630","563"
"3631","564"
"3632","564"
"3633","564"
"3634","564"
"3635","564"
"3636","564"
"3637","564"
"3638","564"
"3639","564"
"3640","565"
"3641","565"
"3642","565"
"3643","565"
"3644","565"
"3645","565"
"3646","565"
"3647","565"
"3648","565"
"3649","566"
"3650","566"
"3651","566"
"3652","566"
"3653","566"
"3654","566"
"3655","566"
"3656","566"
"3657","566"
"3658","566"
"3659","567"
"3660","567"
"3661","567"
"3662","567"
"3663","567"
"3664","567"
"3665","568"
"3666","568"
"3667","568"
"3668","568"
"3669","568"
"3670","568"
"3671","568"
"3672","568"
"3673","569"
"3674","569"
"3675","569"
"3676","569"
"3677","569"
"3678","570"
"3679","570"
"3680","570"
"3681","570"
"3682","570"
"3683","570"
"3684","571"
"3685","571"
"3686","571"
"3687","571"
"3688","571"
"3689","572"
"3690","572"
"3691","572"
"3692","572"
"3693","572"
"3694","572"
"3695","573"
"3696","573"
"3697","573"
"3698","573"
"3699","573"
"3700","573"
"3701","573"
"3702","573"
"3703","574"
"3704","574"
"3705","574"
"3706","574"
"3707","574"
"3708","575"
"3709","575"
"3710","575"
"3711","575"
"3712","575"
"3713","576"
"3714","576"
"3715","576"
"3716","576"
"3717","577"
"3718","577"
"3719","577"
"3720","577"
"3721","577"
"3722","577"
"3723","577"
"3724","577"
"3725","577"
"3726","578"
"3727","578"
"3728","578"
"3729","578"
"3730","578"
"3731","578"
"3732","578"
"3733","578"
"3734","578"
"3735","578"
"3736","579"
"3737","579"
"3738","579"
"3739","579"
"3740","579"
"3741","579"
"3742","579"
"3743","579"
"3744","580"
"3745","580"
"3746","580"
"3747","580"
"3748","580"
"3749","581"
"3750","581"
"3751","581"
"3752","581"
"3753","581"
"3754","582"
"3755","582"
"3756","582"
"3757","582"
"3758","582"
"3759","582"
"3760","582"
"3761","583"
"3762","583"
"3763","583"
"3764","583"
"3765","583"
"3766","583"
"3767","583"
"3768","583"
"3769","584"
"3770","584"
"3771","584"
"3772","584"
"3773","584"
"3774","584"
"3775","584"
"3776","584"
"3777","584"
"3778","585"
"3779","585"
"3780","585"
"3781","585"
"3782","585"
"3783","586"
"3784","586"
"3785","586"
"3786","586"
"3787","586"
"3788","586"
"3789","586"
"3790","586"
"3791","586"
"3792","586"
"3793","587"
"3794","587"
"3795","587"
"3796","587"
"3797","587"
"3798","587"
"3799","587"
"3800","588"
"3801","588"
"3802","588"
"3803","588"
"3804","588"
"3805","588"
"3806","589"
"3807","589"
"3808","589"
"3809","589"
"3810","589"
"3811","589"
"3812","589"
"3813","589"
"3814","589"
"3815","589"
"3816","590"
"3817","590"
"3818","590"
"3819","590"
"3820","590"
"3821","591"
"3822","591"
"3823","591"
"3824","591"
"3825","591"
"3826","592"
"3827","592"
"3828","592"
"3829","592"
"3830","592"
"3831","592"
"3832","592"
"3833","592"
"3834","592"
"3835","593"
"3836","593"
"3837","593"
"3838","593"
"3839","593"
"3840","594"
"3841","594"
"3842","594"
"3843","594"
"3844","594"
"3845","594"
"3846","594"
"3847","594"
"3848","594"
"3849","595"
"3850","595"
"3851","595"
"3852","595"
"3853","595"
"3854","595"
"3855","596"
"3856","596"
"3857","596"
"3858","596"
"3859","596"
"3860","596"
"3861","597"
"3862","597"
"3863","597"
"3864","597"
"3865","597"
"3866","598"
"3867","598"
"3868","598"
"3869","598"
"3870","598"
"3871","598"
"3872","599"
"3873","599"
"3874","599"
"3875","599"
"3876","599"
"3877","600"
"3878","600"
"3879","600"
"3880","600"
"3881","601"
"3882","601"
"3883","601"
"3884","601"
"3885","601"
"3886","601"
"3887","601"
"3888","601"
"3889","602"
"3890","602"
"3891","602"
"3892","602"
"3893","602"
"3894","603"
"3895","603"
"3896","603"
"3897","603"
"3898","603"
"3899","604"
"3900","604"
"3901","604"
"3902","604"
"3903","604"
"3904","605"
"3905","605"
"3906","605"
"3907","605"
"3908","605"
"3909","606"
"3910","606"
"3911","606"
"3912","606"
"3913","606"
"3914","606"
"3915","606"
"3916","606"
"3917","606"
"3918","607"
"3919","607"
"3920","607"
"3921","607"
"3922","608"
"3923","608"
"3924","608"
"3925","608"
"3926","608"
"3927","608"
"3928","608"
"3929","608"
"3930","608"
"3931","609"
"3932","609"
"3933","609"
"3934","609"
"3935","609"
"3936","609"
"3937","609"
"3938","609"
"3939","609"
"3940","609"
"3941","610"
"3942","610"
"3943","610"
"3944","610"
"3945","610"
"3946","610"
"3947","610"
"3948","610"
"3949","610"
"3950","611"
"3951","611"
"3952","611"
"3953","611"
"3954","611"
"3955","611"
"3956","611"
"3957","612"
"3958","612"
"3959","612"
"3960","612"
"3961","612"
"3962","612"
"3963","612"
"3964","612"
"3965","613"
"3966","613"
"3967","613"
"3968","613"
"3969","613"
"3970","614"
"3971","614"
"3972","614"
"3973","614"
"3974","614"
"3975","615"
"3976","615"
"3977","615"
"3978","615"
"3979","615"
"3980","615"
"3981","615"
"3982","616"
"3983","616"
"3984","616"
"3985","616"
"3986","616"
"3987","616"
"3988","616"
"3989","616"
"3990","617"
"3991","617"
"3992","617"
"3993","617"
"3994","617"
"3995","617"
"3996","617"
"3997","618"
"3998","618"
"3999","618"
"4000","618"
"4001","618"
"4002","619"
"4003","619"
"4004","619"
"4005","619"
"4006","619"
"4007","619"
"4008","619"
"4009","619"
"4010","619"
"4011","620"
"4012","620"
"4013","620"
"4014","620"
"4015","620"
"4016","620"
"4017","620"
"4018","620"
"4019","620"
"4020","620"
"4021","621"
"4022","621"
"4023","621"
"4024","621"
"4025","621"
"4026","621"
"4027","621"
"4028","622"
"4029","622"
"4030","622"
"4031","622"
"4032","622"
"4033","622"
"4034","622"
"4035","622"
"4036","622"
"4037","623"
"4038","623"
"4039","623"
"4040","623"
"4041","623"
"4042","623"
"4043","623"
"4044","623"
"4045","624"
"4046","624"
"4047","624"
"4048","624"
"4049","624"
"4050","624"
"4051","625"
"4052","625"
"4053","625"
"4054","625"
"4055","625"
"4056","625"
"4057","626"
"4058","626"
"4059","626"
"4060","626"
"4061","626"
"4062","626"
"4063","627"
"4064","627"
"4065","627"
"4066","627"
"4067","627"
"4068","628"
"4069","628"
"4070","628"
"4071","628"
"4072","628"
"4073","628"
"4074","628"
"4075","629"
"4076","629"
"4077","629"
"4078","629"
"4079","629"
"4080","629"
"4081","629"
"4082","629"
"4083","629"
"4084","629"
"4085","630"
"4086","630"
"4087","630"
"4088","630"
"4089","630"
"4090","630"
"4091","631"
"4092","631"
"4093","631"
"4094","631"
"4095","631"
"4096","631"
"4097","631"
"4098","631"
"4099","632"
"4100","632"
"4101","632"
"4102","632"
"4103","632"
"4104","632"
"4105","632"
"4106","632"
"4107","632"
"4108","633"
"4109","633"
"4110","633"
"4111","633"
"4112","633"
"4113","633"
"4114","633"
"4115","633"
"4116","634"
"4117","634"
"4118","634"
"4119","634"
"4120","635"
"4121","635"
"4122","635"
"4123","635"
"4124","636"
"4125","636"
"4126","636"
"4127","636"
"4128","636"
"4129","637"
"4130","637"
"4131","637"
"4132","637"
"4133","637"
"4134","637"
"4135","638"
"4136","638"
"4137","638"
"4138","638"
"4139","638"
"4140","638"
"4141","638"
"4142","638"
"4143","638"
"4144","638"
"4145","639"
"4146","639"
"4147","639"
"4148","639"
"4149","639"
"4150","639"
"4151","639"
"4152","639"
"4153","639"
"4154","639"
"4155","640"
"4156","640"
"4157","640"
"4158","640"
"4159","640"
"4160","640"
"4161","641"
"4162","641"
"4163","641"
"4164","641"
"4165","641"
"4166","642"
"4167","642"
"4168","642"
"4169","642"
"4170","642"
"4171","642"
"4172","642"
"4173","642"
"4174","643"
"4175","643"
"4176","643"
"4177","643"
"4178","644"
"4179","644"
"4180","644"
"4181","644"
"4182","644"
"4183","644"
"4184","644"
"4185","644"
"4186","645"
"4187","645"
"4188","645"
"4189","645"
"4190","645"
"4191","645"
"4192","645"
"4193","645"
"4194","645"
"4195","645"
"4196","646"
"4197","646"
"4198","646"
"4199","646"
"4200","646"
"4201","646"
"4202","647"
"4203","647"
"4204","647"
"4205","647"
"4206","647"
"4207","647"
"4208","647"
"4209","647"
"4210","647"
"4211","647"
"4212","648"
"4213","648"
"4214","648"
"4215","648"
"4216","648"
"4217","648"
"4218","649"
"4219","649"
"4220","649"
"4221","649"
"4222","649"
"4223","649"
"4224","649"
"4225","650"
"4226","650"
"4227","650"
"4228","650"
"4229","650"
"4230","651"
"4231","651"
"4232","651"
"4233","651"
"4234","651"
"4235","651"
"4236","651"
"4237","651"
"4238","651"
"4239","651"
"4240","652"
"4241","652"
"4242","652"
"4243","652"
"4244","652"
"4245","652"
"4246","652"
"4247","653"
"4248","653"
"4249","653"
"4250","653"
"4251","653"
"4252","653"
"4253","653"
"4254","653"
"4255","653"
"4256","654"
"4257","654"
"4258","654"
"4259","654"
"4260","655"
"4261","655"
"4262","655"
"4263","655"
"4264","656"
"4265","656"
"4266","656"
"4267","656"
"4268","657"
"4269","657"
"4270","657"
"4271","657"
"4272","657"
"4273","657"
"4274","658"
"4275","658"
"4276","658"
"4277","658"
"4278","658"
"4279","658"
"4280","658"
"4281","658"
"4282","659"
"4283","659"
"4284","659"
"4285","659"
"4286","659"
"4287","660"
"4288","660"
"4289","660"
"4290","660"
"4291","660"
"4292","660"
"4293","660"
"4294","661"
"4295","661"
"4296","661"
"4297","661"
"4298","661"
"4299","661"
"4300","661"
"4301","661"
"4302","661"
"4303","661"
"4304","662"
"4305","662"
"4306","662"
"4307","662"
"4308","662"
"4309","663"
"4310","663"
"4311","663"
"4312","663"
"4313","663"
"4314","663"
"4315","663"
"4316","664"
"4317","664"
"4318","664"
"4319","664"
"4320","665"
"4321","665"
"4322","665"
"4323","665"
"4324","665"
"4325","665"
"4326","665"
"4327","665"
"4328","665"
"4329","666"
"4330","666"
"4331","666"
"4332","666"
"4333","666"
"4334","666"
"4335","666"
"4336","667"
"4337","667"
"4338","667"
"4339","667"
"4340","668"
"4341","668"
"4342","668"
"4343","668"
"4344","669"
"4345","669"
"4346","669"
"4347","669"
"4348","670"
"4349","670"
"4350","670"
"4351","670"
"4352","671"
"4353","671"
"4354","671"
"4355","671"
"4356","671"
"4357","671"
"4358","671"
"4359","671"
"4360","672"
"4361","672"
"4362","672"
"4363","672"
"4364","672"
"4365","672"
"4366","672"
"4367","672"
"4368","673"
"4369","673"
"4370","673"
"4371","673"
"4372","673"
"4373","674"
"4374","674"
"4375","674"
"4376","674"
"4377","675"
"4378","675"
"4379","675"
"4380","675"
"4381","675"
"4382","675"
"4383","675"
"4384","675"
"4385","676"
"4386","676"
"4387","676"
"4388","676"
"4389","677"
"4390","677"
"4391","677"
"4392","677"
"4393","677"
"4394","677"
"4395","677"
"4396","677"
"4397","677"
"4398","678"
"4399","678"
"4400","678"
"4401","678"
"4402","678"
"4403","679"
"4404","679"
"4405","679"
"4406","679"
"4407","679"
"4408","679"
"4409","679"
"4410","679"
"4411","679"
"4412","679"
"4413","680"
"4414","680"
"4415","680"
"4416","680"
"4417","680"
"4418","680"
"4419","681"
"4420","681"
"4421","681"
"4422","681"
"4423","681"
"4424","681"
"4425","681"
"4426","681"
"4427","681"
"4428","681"
"4429","682"
"4430","682"
"4431","682"
"4432","682"
"4433","682"
"4434","683"
"4435","683"
"4436","683"
"4437","683"
"4438","683"
"4439","684"
"4440","684"
"4441","684"
"4442","684"
"4443","685"
"4444","685"
"4445","685"
"4446","685"
"4447","685"
"4448","686"
"4449","686"
"4450","686"
"4451","686"
"4452","686"
"4453","686"
"4454","686"
"4455","686"
"4456","687"
"4457","687"
"4458","687"
"4459","687"
"4460","687"
"4461","687"
"4462","688"
"4463","688"
"4464","688"
"4465","688"
"4466","688"
"4467","688"
"4468","688"
"4469","688"
"4470","689"
"4471","689"
"4472","689"
"4473","689"
"4474","690"
"4475","690"
"4476","690"
"4477","690"
"4478","691"
"4479","691"
"4480","691"
"4481","691"
"4482","691"
"4483","691"
"4484","692"
"4485","692"
"4486","692"
"4487","692"
"4488","692"
"4489","692"
"4490","692"
"4491","693"
"4492","693"
"4493","693"
"4494","693"
"4495","693"
"4496","693"
"4497","693"
"4498","693"
"4499","693"
"4500","694"
"4501","694"
"4502","694"
"4503","694"
"4504","694"
"4505","694"
"4506","694"
"4507","694"
"4508","694"
"4509","694"
"4510","695"
"4511","695"
"4512","695"
"4513","695"
"4514","695"
"4515","696"
"4516","696"
"4517","696"
"4518","696"
"4519","696"
"4520","696"
"4521","696"
"4522","696"
"4523","696"
"4524","697"
"4525","697"
"4526","697"
"4527","697"
"4528","697"
"4529","697"
"4530","697"
"4531","697"
"4532","697"
"4533","697"
"4534","698"
"4535","698"
"4536","698"
"4537","698"
"4538","699"
"4539","699"
"4540","699"
"4541","699"
"4542","699"
"4543","699"
"4544","699"
"4545","699"
"4546","700"
"4547","700"
"4548","700"
"4549","700"
"4550","700"
"4551","701"
"4552","701"
"4553","701"
"4554","701"
"4555","701"
"4556","701"
"4557","701"
"4558","702"
"4559","702"
"4560","702"
"4561","702"
"4562","702"
"4563","702"
"4564","702"
"4565","703"
"4566","703"
"4567","703"
"4568","703"
"4569","703"
"4570","704"
"4571","704"
"4572","704"
"4573","704"
"4574","704"
"4575","704"
"4576","704"
"4577","704"
"4578","704"
"4579","704"
"4580","705"
"4581","705"
"4582","705"
"4583","705"
"4584","706"
"4585","706"
"4586","706"
"4587","706"
"4588","706"
"4589","706"
"4590","707"
"4591","707"
"4592","707"
"4593","707"
"4594","707"
"4595","707"
"4596","707"
"4597","707"
"4598","708"
"4599","708"
"4600","708"
"4601","708"
"4602","708"
"4603","708"
"4604","708"
"4605","708"
"4606","709"
"4607","709"
"4608","709"
"4609","709"
"4610","709"
"4611","709"
"4612","709"
"4613","709"
"4614","709"
"4615","710"
"4616","710"
"4617","710"
"4618","710"
"4619","710"
"4620","710"
"4621","710"
"4622","710"
"4623","711"
"4624","711"
"4625","711"
"4626","711"
"4627","712"
"4628","712"
"4629","712"
"4630","712"
"4631","712"
"4632","713"
"4633","713"
"4634","713"
"4635","713"
"4636","713"
"4637","713"
"4638","713"
"4639","714"
"4640","714"
"4641","714"
"4642","714"
"4643","714"
"4644","714"
"4645","714"
"4646","715"
"4647","715"
"4648","715"
"4649","715"
"4650","715"
"4651","715"
"4652","716"
"4653","716"
"4654","716"
"4655","716"
"4656","717"
"4657","717"
"4658","717"
"4659","717"
"4660","717"
"4661","717"
"4662","717"
"4663","718"
"4664","718"
"4665","718"
"4666","718"
"4667","718"
"4668","718"
"4669","718"
"4670","718"
"4671","718"
"4672","718"
"4673","719"
"4674","719"
"4675","719"
"4676","719"
"4677","719"
"4678","719"
"4679","719"
"4680","719"
"4681","720"
"4682","720"
"4683","720"
"4684","720"
"4685","720"
"4686","720"
"4687","720"
"4688","720"
"4689","720"
"4690","720"
"4691","721"
"4692","721"
"4693","721"
"4694","721"
"4695","721"
"4696","721"
"4697","721"
"4698","722"
"4699","722"
"4700","722"
"4701","722"
"4702","722"
"4703","722"
"4704","722"
"4705","723"
"4706","723"
"4707","723"
"4708","723"
"4709","723"
"4710","723"
"4711","723"
"4712","723"
"4713","723"
"4714","723"
"4715","724"
"4716","724"
"4717","724"
"4718","724"
"4719","724"
"4720","724"
"4721","724"
"4722","724"
"4723","725"
"4724","725"
"4725","725"
"4726","725"
"4727","725"
"4728","726"
"4729","726"
"4730","726"
"4731","726"
"4732","726"
"4733","726"
"4734","726"
"4735","726"
"4736","726"
"4737","726"
"4738","727"
"4739","727"
"4740","727"
"4741","727"
"4742","727"
"4743","727"
"4744","727"
"4745","727"
"4746","727"
"4747","728"
"4748","728"
"4749","728"
"4750","728"
"4751","728"
"4752","728"
"4753","728"
"4754","728"
"4755","728"
"4756","729"
"4757","729"
"4758","729"
"4759","729"
"4760","729"
"4761","729"
"4762","729"
"4763","730"
"4764","730"
"4765","730"
"4766","730"
"4767","730"
"4768","730"
"4769","730"
"4770","730"
"4771","731"
"4772","731"
"4773","731"
"4774","731"
"4775","731"
"4776","731"
"4777","731"
"4778","731"
"4779","731"
"4780","731"
"4781","732"
"4782","732"
"4783","732"
"4784","732"
"4785","733"
"4786","733"
"4787","733"
"4788","733"
"4789","733"
"4790","733"
"4791","733"
"4792","733"
"4793","733"
"4794","734"
"4795","734"
"4796","734"
"4797","734"
"4798","734"
"4799","734"
"4800","734"
"4801","734"
"4802","735"
"4803","735"
"4804","735"
"4805","735"
"4806","735"
"4807","736"
"4808","736"
"4809","736"
"4810","736"
"4811","737"
"4812","737"
"4813","737"
"4814","737"
"4815","737"
"4816","738"
"4817","738"
"4818","738"
"4819","738"
"4820","738"
"4821","738"
"4822","738"
"4823","738"
"4824","739"
"4825","739"
"4826","739"
"4827","739"
"4828","739"
"4829","739"
"4830","740"
"4831","740"
"4832","740"
"4833","740"
"4834","740"
"4835","740"
"4836","741"
"4837","741"
"4838","741"
"4839","741"
"4840","741"
"4841","742"
"4842","742"
"4843","742"
"4844","742"
"4845","743"
"4846","743"
"4847","743"
"4848","743"
"4849","743"
"4850","743"
"4851","743"
"4852","744"
"4853","744"
"4854","744"
"4855","744"
"4856","744"
"4857","744"
"4858","744"
"4859","745"
"4860","745"
"4861","745"
"4862","745"
"4863","745"
"4864","745"
"4865","745"
"4866","745"
"4867","746"
"4868","746"
"4869","746"
"4870","746"
"4871","746"
"4872","746"
"4873","746"
"4874","747"
"4875","747"
"4876","747"
"4877","747"
"4878","748"
"4879","748"
"4880","748"
"4881","748"
"4882","749"
"4883","749"
"4884","749"
"4885","749"
"4886","749"
"4887","749"
"4888","749"
"4889","749"
"4890","749"
"4891","750"
"4892","750"
"4893","750"
"4894","750"
"4895","751"
"4896","751"
"4897","751"
"4898","751"
"4899","751"
"4900","752"
"4901","752"
"4902","752"
"4903","752"
"4904","753"
"4905","753"
"4906","753"
"4907","753"
"4908","753"
"4909","753"
"4910","754"
"4911","754"
"4912","754"
"4913","754"
"4914","754"
"4915","754"
"4916","754"
"4917","754"
"4918","754"
"4919","755"
"4920","755"
"4921","755"
"4922","755"
"4923","755"
"4924","755"
"4925","755"
"4926","756"
"4927","756"
"4928","756"
"4929","756"
"4930","756"
"4931","756"
"4932","756"
"4933","756"
"4934","756"
"4935","757"
"4936","757"
"4937","757"
"4938","757"
"4939","757"
"4940","758"
"4941","758"
"4942","758"
"4943","758"
"4944","758"
"4945","758"
"4946","758"
"4947","758"
"4948","758"
"4949","758"
"4950","759"
"4951","759"
"4952","759"
"4953","759"
"4954","759"
"4955","759"
"4956","759"
"4957","760"
"4958","760"
"4959","760"
"4960","760"
"4961","760"
"4962","760"
"4963","760"
"4964","761"
"4965","761"
"4966","761"
"4967","761"
"4968","762"
"4969","762"
"4970","762"
"4971","762"
"4972","762"
"4973","763"
"4974","763"
"4975","763"
"4976","763"
"4977","763"
"4978","763"
"4979","764"
"4980","764"
"4981","764"
"4982","764"
"4983","765"
"4984","765"
"4985","765"
"4986","765"
"4987","765"
"4988","765"
"4989","765"
"4990","765"
"4991","765"
"4992","765"
"4993","766"
"4994","766"
"4995","766"
"4996","766"
"4997","766"
"4998","766"
"4999","766"
"5000","766"
"5001","767"
"5002","767"
"5003","767"
"5004","767"
"5005","767"
"5006","767"
"5007","767"
"5008","767"
"5009","767"
"5010","768"
"5011","768"
"5012","768"
"5013","768"
"5014","769"
"5015","769"
"5016","769"
"5017","769"
"5018","769"
"5019","769"
"5020","770"
"5021","770"
"5022","770"
"5023","770"
"5024","770"
"5025","771"
"5026","771"
"5027","771"
"5028","771"
"5029","771"
"5030","771"
"5031","771"
"5032","771"
"5033","771"
"5034","772"
"5035","772"
"5036","772"
"5037","772"
"5038","772"
"5039","772"
"5040","772"
"5041","773"
"5042","773"
"5043","773"
"5044","773"
"5045","773"
"5046","773"
"5047","773"
"5048","774"
"5049","774"
"5050","774"
"5051","774"
"5052","774"
"5053","774"
"5054","774"
"5055","774"
"5056","774"
"5057","774"
"5058","775"
"5059","775"
"5060","775"
"5061","775"
"5062","775"
"5063","775"
"5064","775"
"5065","775"
"5066","775"
"5067","775"
"5068","776"
"5069","776"
"5070","776"
"5071","776"
"5072","776"
"5073","776"
"5074","777"
"5075","777"
"5076","777"
"5077","777"
"5078","777"
"5079","777"
"5080","778"
"5081","778"
"5082","778"
"5083","778"
"5084","778"
"5085","778"
"5086","779"
"5087","779"
"5088","779"
"5089","779"
"5090","779"
"5091","779"
"5092","779"
"5093","779"
"5094","780"
"5095","780"
"5096","780"
"5097","780"
"5098","780"
"5099","780"
"5100","780"
"5101","780"
"5102","780"
"5103","781"
"5104","781"
"5105","781"
"5106","781"
"5107","781"
"5108","781"
"5109","781"
"5110","781"
"5111","781"
"5112","781"
"5113","782"
"5114","782"
"5115","782"
"5116","782"
"5117","782"
"5118","782"
"5119","782"
"5120","782"
"5121","783"
"5122","783"
"5123","783"
"5124","783"
"5125","783"
"5126","783"
"5127","784"
"5128","784"
"5129","784"
"5130","784"
"5131","784"
"5132","784"
"5133","785"
"5134","785"
"5135","785"
"5136","785"
"5137","785"
"5138","785"
"5139","785"
"5140","786"
"5141","786"
"5142","786"
"5143","786"
"5144","786"
"5145","787"
"5146","787"
"5147","787"
"5148","787"
"5149","787"
"5150","787"
"5151","787"
"5152","787"
"5153","787"
"5154","788"
"5155","788"
"5156","788"
"5157","788"
"5158","788"
"5159","788"
"5160","789"
"5161","789"
"5162","789"
"5163","789"
"5164","790"
"5165","790"
"5166","790"
"5167","790"
"5168","790"
"5169","790"
"5170","790"
"5171","790"
"5172","790"
"5173","791"
"5174","791"
"5175","791"
"5176","791"
"5177","791"
"5178","791"
"5179","791"
"5180","791"
"5181","791"
"5182","792"
"5183","792"
"5184","792"
"5185","792"
"5186","792"
"5187","793"
"5188","793"
"5189","793"
"5190","793"
"5191","793"
"5192","793"
"5193","793"
"5194","793"
"5195","793"
"5196","793"
"5197","794"
"5198","794"
"5199","794"
"5200","794"
"5201","794"
"5202","794"
"5203","794"
"5204","794"
"5205","795"
"5206","795"
"5207","795"
"5208","795"
"5209","796"
"5210","796"
"5211","796"
"5212","796"
"5213","796"
"5214","796"
"5215","797"
"5216","797"
"5217","797"
"5218","797"
"5219","797"
"5220","797"
"5221","797"
"5222","797"
"5223","798"
"5224","798"
"5225","798"
"5226","798"
"5227","798"
"5228","798"
"5229","798"
"5230","798"
"5231","798"
"5232","799"
"5233","799"
"5234","799"
"5235","799"
"5236","800"
"5237","800"
"5238","800"
"5239","800"
"5240","800"
"5241","800"
"5242","800"
"5243","800"
"5244","801"
"5245","801"
"5246","801"
"5247","801"
"5248","801"
"5249","801"
"5250","801"
"5251","801"
"5252","801"
"5253","802"
"5254","802"
"5255","802"
"5256","802"
"5257","802"
"5258","803"
"5259","803"
"5260","803"
"5261","803"
"5262","804"
"5263","804"
"5264","804"
"5265","804"
"5266","804"
"5267","804"
"5268","805"
"5269","805"
"5270","805"
"5271","805"
"5272","806"
"5273","806"
"5274","806"
"5275","806"
"5276","806"
"5277","807"
"5278","807"
"5279","807"
"5280","807"
"5281","807"
"5282","807"
"5283","807"
"5284","808"
"5285","808"
"5286","808"
"5287","808"
"5288","808"
"5289","808"
"5290","809"
"5291","809"
"5292","809"
"5293","809"
"5294","809"
"5295","809"
"5296","810"
"5297","810"
"5298","810"
"5299","810"
"5300","810"
"5301","810"
"5302","810"
"5303","810"
"5304","810"
"5305","811"
"5306","811"
"5307","811"
"5308","811"
"5309","811"
"5310","811"
"5311","811"
"5312","811"
"5313","811"
"5314","811"
"5315","812"
"5316","812"
"5317","812"
"5318","812"
"5319","812"
"5320","812"
"5321","812"
"5322","812"
"5323","812"
"5324","813"
"5325","813"
"5326","813"
"5327","813"
"5328","813"
"5329","813"
"5330","813"
"5331","813"
"5332","813"
"5333","814"
"5334","814"
"5335","814"
"5336","814"
"5337","814"
"5338","814"
"5339","815"
"5340","815"
"5341","815"
"5342","815"
"5343","815"
"5344","815"
"5345","815"
"5346","815"
"5347","815"
"5348","816"
"5349","816"
"5350","816"
"5351","816"
"5352","816"
"5353","816"
"5354","816"
"5355","816"
"5356","817"
"5357","817"
"5358","817"
"5359","817"
"5360","817"
"5361","817"
"5362","817"
"5363","817"
"5364","817"
"5365","817"
"5366","818"
"5367","818"
"5368","818"
"5369","818"
"5370","818"
"5371","818"
"5372","818"
"5373","818"
"5374","818"
"5375","818"
"5376","819"
"5377","819"
"5378","819"
"5379","819"
"5380","819"
"5381","819"
"5382","820"
"5383","820"
"5384","820"
"5385","820"
"5386","820"
"5387","820"
"5388","820"
"5389","821"
"5390","821"
"5391","821"
"5392","821"
"5393","821"
"5394","821"
"5395","821"
"5396","821"
"5397","821"
"5398","821"
"5399","822"
"5400","822"
"5401","822"
"5402","822"
"5403","822"
"5404","822"
"5405","822"
"5406","822"
"5407","822"
"5408","822"
"5409","823"
"5410","823"
"5411","823"
"5412","823"
"5413","823"
"5414","823"
"5415","823"
"5416","824"
"5417","824"
"5418","824"
"5419","824"
"5420","824"
"5421","824"
"5422","824"
"5423","824"
"5424","825"
"5425","825"
"5426","825"
"5427","825"
"5428","825"
"5429","826"
"5430","826"
"5431","826"
"5432","826"
"5433","826"
"5434","826"
"5435","826"
"5436","826"
"5437","826"
"5438","826"
"5439","827"
"5440","827"
"5441","827"
"5442","827"
"5443","827"
"5444","827"
"5445","828"
"5446","828"
"5447","828"
"5448","828"
"5449","828"
"5450","829"
"5451","829"
"5452","829"
"5453","829"
"5454","829"
"5455","829"
"5456","830"
"5457","830"
"5458","830"
"5459","830"
"5460","830"
"5461","830"
"5462","830"
"5463","830"
"5464","830"
"5465","830"
"5466","831"
"5467","831"
"5468","831"
"5469","831"
"5470","831"
"5471","831"
"5472","831"
"5473","831"
"5474","831"
"5475","831"
"5476","832"
"5477","832"
"5478","832"
"5479","832"
"5480","832"
"5481","832"
"5482","832"
"5483","833"
"5484","833"
"5485","833"
"5486","833"
"5487","834"
"5488","834"
"5489","834"
"5490","834"
"5491","834"
"5492","834"
"5493","834"
"5494","835"
"5495","835"
"5496","835"
"5497","835"
"5498","835"
"5499","836"
"5500","836"
"5501","836"
"5502","836"
"5503","836"
"5504","836"
"5505","836"
"5506","836"
"5507","836"
"5508","837"
"5509","837"
"5510","837"
"5511","837"
"5512","837"
"5513","837"
"5514","837"
"5515","837"
"5516","837"
"5517","837"
"5518","838"
"5519","838"
"5520","838"
"5521","838"
"5522","838"
"5523","839"
"5524","839"
"5525","839"
"5526","839"
"5527","839"
"5528","840"
"5529","840"
"5530","840"
"5531","840"
"5532","840"
"5533","841"
"5534","841"
"5535","841"
"5536","841"
"5537","841"
"5538","841"
"5539","841"
"5540","841"
"5541","842"
"5542","842"
"5543","842"
"5544","842"
"5545","842"
"5546","842"
"5547","842"
"5548","843"
"5549","843"
"5550","843"
"5551","843"
"5552","843"
"5553","843"
"5554","843"
"5555","843"
"5556","843"
"5557","844"
"5558","844"
"5559","844"
"5560","844"
"5561","844"
"5562","844"
"5563","844"
"5564","844"
"5565","844"
"5566","845"
"5567","845"
"5568","845"
"5569","845"
"5570","846"
"5571","846"
"5572","846"
"5573","846"
"5574","846"
"5575","846"
"5576","847"
"5577","847"
"5578","847"
"5579","847"
"5580","847"
"5581","847"
"5582","847"
"5583","847"
"5584","848"
"5585","848"
"5586","848"
"5587","848"
"5588","848"
"5589","848"
"5590","848"
"5591","848"
"5592","849"
"5593","849"
"5594","849"
"5595","849"
"5596","849"
"5597","849"
"5598","849"
"5599","849"
"5600","849"
"5601","849"
"5602","850"
"5603","850"
"5604","850"
"5605","850"
"5606","850"
"5607","850"
"5608","850"
"5609","851"
"5610","851"
"5611","851"
"5612","851"
"5613","851"
"5614","851"
"5615","851"
"5616","851"
"5617","851"
"5618","852"
"5619","852"
"5620","852"
"5621","852"
"5622","852"
"5623","852"
"5624","853"
"5625","853"
"5626","853"
"5627","853"
"5628","853"
"5629","853"
"5630","853"
"5631","853"
"5632","853"
"5633","854"
"5634","854"
"5635","854"
"5636","854"
"5637","854"
"5638","854"
"5639","854"
"5640","854"
"5641","854"
"5642","854"
"5643","855"
"5644","855"
"5645","855"
"5646","855"
"5647","855"
"5648","856"
"5649","856"
"5650","856"
"5651","856"
"5652","856"
"5653","857"
"5654","857"
"5655","857"
"5656","857"
"5657","858"
"5658","858"
"5659","858"
"5660","858"
"5661","858"
"5662","858"
"5663","858"
"5664","858"
"5665","858"
"5666","858"
"5667","859"
"5668","859"
"5669","859"
"5670","859"
"5671","859"
"5672","859"
"5673","859"
"5674","859"
"5675","859"
"5676","860"
"5677","860"
"5678","860"
"5679","860"
"5680","860"
"5681","860"
"5682","861"
"5683","861"
"5684","861"
"5685","861"
"5686","861"
"5687","862"
"5688","862"
"5689","862"
"5690","862"
"5691","862"
"5692","862"
"5693","862"
"5694","862"
"5695","862"
"5696","863"
"5697","863"
"5698","863"
"5699","863"
"5700","863"
"5701","863"
"5702","864"
"5703","864"
"5704","864"
"5705","864"
"5706","864"
"5707","864"
"5708","864"
"5709","864"
"5710","864"
"5711","864"
"5712","865"
"5713","865"
"5714","865"
"5715","865"
"5716","865"
"5717","866"
"5718","866"
"5719","866"
"5720","866"
"5721","866"
"5722","866"
"5723","866"
"5724","866"
"5725","866"
"5726","867"
"5727","867"
"5728","867"
"5729","867"
"5730","867"
"5731","868"
"5732","868"
"5733","868"
"5734","868"
"5735","868"
"5736","868"
"5737","869"
"5738","869"
"5739","869"
"5740","869"
"5741","869"
"5742","869"
"5743","869"
"5744","869"
"5745","870"
"5746","870"
"5747","870"
"5748","870"
"5749","870"
"5750","870"
"5751","871"
"5752","871"
"5753","871"
"5754","871"
"5755","871"
"5756","871"
"5757","871"
"5758","871"
"5759","872"
"5760","872"
"5761","872"
"5762","872"
"5763","872"
"5764","873"
"5765","873"
"5766","873"
"5767","873"
"5768","874"
"5769","874"
"5770","874"
"5771","874"
"5772","874"
"5773","874"
"5774","874"
"5775","874"
"5776","874"
"5777","874"
"5778","875"
"5779","875"
"5780","875"
"5781","875"
"5782","875"
"5783","875"
"5784","875"
"5785","875"
"5786","875"
"5787","875"
"5788","876"
"5789","876"
"5790","876"
"5791","876"
"5792","877"
"5793","877"
"5794","877"
"5795","877"
"5796","877"
"5797","877"
"5798","877"
"5799","877"
"5800","877"
"5801","877"
"5802","878"
"5803","878"
"5804","878"
"5805","878"
"5806","878"
"5807","878"
"5808","878"
"5809","878"
"5810","879"
"5811","879"
"5812","879"
"5813","879"
"5814","879"
"5815","880"
"5816","880"
"5817","880"
"5818","880"
"5819","880"
"5820","881"
"5821","881"
"5822","881"
"5823","881"
"5824","881"
"5825","881"
"5826","881"
"5827","882"
"5828","882"
"5829","882"
"5830","882"
"5831","882"
"5832","882"
"5833","883"
"5834","883"
"5835","883"
"5836","883"
"5837","883"
"5838","883"
"5839","883"
"5840","884"
"5841","884"
"5842","884"
"5843","884"
"5844","884"
"5845","884"
"5846","884"
"5847","884"
"5848","885"
"5849","885"
"5850","885"
"5851","885"
"5852","885"
"5853","885"
"5854","885"
"5855","885"
"5856","886"
"5857","886"
"5858","886"
"5859","886"
"5860","886"
"5861","886"
"5862","886"
"5863","887"
"5864","887"
"5865","887"
"5866","887"
"5867","887"
"5868","887"
"5869","887"
"5870","887"
"5871","887"
"5872","887"
"5873","888"
"5874","888"
"5875","888"
"5876","888"
"5877","888"
"5878","888"
"5879","888"
"5880","888"
"5881","888"
"5882","889"
"5883","889"
"5884","889"
"5885","889"
"5886","889"
"5887","889"
"5888","889"
"5889","889"
"5890","889"
"5891","890"
"5892","890"
"5893","890"
"5894","890"
"5895","890"
"5896","890"
"5897","890"
"5898","891"
"5899","891"
"5900","891"
"5901","891"
"5902","891"
"5903","891"
"5904","891"
"5905","891"
"5906","891"
"5907","891"
"5908","892"
"5909","892"
"5910","892"
"5911","892"
"5912","892"
"5913","893"
"5914","893"
"5915","893"
"5916","893"
"5917","893"
"5918","893"
"5919","893"
"5920","894"
"5921","894"
"5922","894"
"5923","894"
"5924","894"
"5925","894"
"5926","894"
"5927","894"
"5928","895"
"5929","895"
"5930","895"
"5931","895"
"5932","895"
"5933","895"
"5934","895"
"5935","895"
"5936","896"
"5937","896"
"5938","896"
"5939","896"
"5940","896"
"5941","896"
"5942","896"
"5943","896"
"5944","896"
"5945","896"
"5946","897"
"5947","897"
"5948","897"
"5949","897"
"5950","897"
"5951","897"
"5952","897"
"5953","897"
"5954","897"
"5955","898"
"5956","898"
"5957","898"
"5958","898"
"5959","898"
"5960","899"
"5961","899"
"5962","899"
"5963","899"
"5964","899"
"5965","899"
"5966","899"
"5967","900"
"5968","900"
"5969","900"
"5970","900"
"5971","900"
"5972","900"
"5973","900"
"5974","901"
"5975","901"
"5976","901"
"5977","901"
"5978","901"
"5979","902"
"5980","902"
"5981","902"
"5982","902"
"5983","902"
"5984","902"
"5985","902"
"5986","902"
"5987","902"
"5988","903"
"5989","903"
"5990","903"
"5991","903"
"5992","903"
"5993","904"
"5994","904"
"5995","904"
"5996","904"
"5997","905"
"5998","905"
"5999","905"
"6000","905"
"6001","905"
"6002","905"
"6003","905"
"6004","905"
"6005","905"
"6006","905"
"6007","906"
"6008","906"
"6009","906"
"6010","906"
"6011","907"
"6012","907"
"6013","907"
"6014","907"
"6015","907"
"6016","907"
"6017","907"
"6018","907"
"6019","907"
"6020","907"
"6021","908"
"6022","908"
"6023","908"
"6024","908"
"6025","909"
"6026","909"
"6027","909"
"6028","909"
"6029","909"
"6030","909"
"6031","909"
"6032","909"
"6033","909"
"6034","909"
"6035","910"
"6036","910"
"6037","910"
"6038","910"
"6039","910"
"6040","910"
"6041","910"
"6042","911"
"6043","911"
"6044","911"
"6045","911"
"6046","911"
"6047","911"
"6048","911"
"6049","911"
"6050","911"
"6051","911"
"6052","912"
"6053","912"
"6054","912"
"6055","912"
"6056","912"
"6057","912"
"6058","912"
"6059","913"
"6060","913"
"6061","913"
"6062","913"
"6063","913"
"6064","914"
"6065","914"
"6066","914"
"6067","914"
"6068","914"
"6069","914"
"6070","914"
"6071","914"
"6072","915"
"6073","915"
"6074","915"
"6075","915"
"6076","915"
"6077","915"
"6078","915"
"6079","915"
"6080","916"
"6081","916"
"6082","916"
"6083","916"
"6084","916"
"6085","916"
"6086","916"
"6087","916"
"6088","916"
"6089","916"
"6090","917"
"6091","917"
"6092","917"
"6093","917"
"6094","917"
"6095","917"
"6096","917"
"6097","917"
"6098","918"
"6099","918"
"6100","918"
"6101","918"
"6102","919"
"6103","919"
"6104","919"
"6105","919"
"6106","919"
"6107","919"
"6108","919"
"6109","920"
"6110","920"
"6111","920"
"6112","920"
"6113","920"
"6114","920"
"6115","920"
"6116","920"
"6117","920"
"6118","921"
"6119","921"
"6120","921"
"6121","921"
"6122","921"
"6123","921"
"6124","921"
"6125","921"
"6126","922"
"6127","922"
"6128","922"
"6129","922"
"6130","922"
"6131","922"
"6132","922"
"6133","922"
"6134","922"
"6135","922"
"6136","923"
"6137","923"
"6138","923"
"6139","923"
"6140","923"
"6141","923"
"6142","924"
"6143","924"
"6144","924"
"6145","924"
"6146","924"
"6147","924"
"6148","924"
"6149","924"
"6150","924"
"6151","924"
"6152","925"
"6153","925"
"6154","925"
"6155","925"
"6156","925"
"6157","926"
"6158","926"
"6159","926"
"6160","926"
"6161","926"
"6162","926"
"6163","926"
"6164","926"
"6165","926"
"6166","926"
"6167","927"
"6168","927"
"6169","927"
"6170","927"
"6171","927"
"6172","928"
"6173","928"
"6174","928"
"6175","928"
"6176","928"
"6177","929"
"6178","929"
"6179","929"
"6180","929"
"6181","929"
"6182","929"
"6183","929"
"6184","929"
"6185","930"
"6186","930"
"6187","930"
"6188","930"
"6189","930"
"6190","930"
"6191","930"
"6192","930"
"6193","930"
"6194","931"
"6195","931"
"6196","931"
"6197","931"
"6198","931"
"6199","932"
"6200","932"
"6201","932"
"6202","932"
"6203","932"
"6204","932"
"6205","932"
"6206","932"
"6207","933"
"6208","933"
"6209","933"
"6210","933"
"6211","933"
"6212","933"
"6213","933"
"6214","933"
"6215","933"
"6216","934"
"6217","934"
"6218","934"
"6219","934"
"6220","934"
"6221","935"
"6222","935"
"6223","935"
"6224","935"
"6225","935"
"6226","936"
"6227","936"
"6228","936"
"6229","936"
"6230","936"
"6231","936"
"6232","936"
"6233","936"
"6234","936"
"6235","937"
"6236","937"
"6237","937"
"6238","937"
"6239","937"
"6240","937"
"6241","937"
"6242","937"
"6243","938"
"6244","938"
"6245","938"
"6246","938"
"6247","938"
"6248","938"
"6249","938"
"6250","938"
"6251","938"
"6252","939"
"6253","939"
"6254","939"
"6255","939"
"6256","940"
"6257","940"
"6258","940"
"6259","940"
"6260","940"
"6261","940"
"6262","940"
"6263","941"
"6264","941"
"6265","941"
"6266","941"
"6267","942"
"6268","942"
"6269","942"
"6270","942"
"6271","942"
"6272","942"
"6273","942"
"6274","943"
"6275","943"
"6276","943"
"6277","943"
"6278","943"
"6279","943"
"6280","943"
"6281","943"
"6282","944"
"6283","944"
"6284","944"
"6285","944"
"6286","944"
"6287","944"
"6288","944"
"6289","944"
"6290","944"
"6291","945"
"6292","945"
"6293","945"
"6294","945"
"6295","946"
"6296","946"
"6297","946"
"6298","946"
"6299","946"
"6300","946"
"6301","946"
"6302","946"
"6303","946"
"6304","946"
"6305","947"
"6306","947"
"6307","947"
"6308","947"
"6309","947"
"6310","947"
"6311","948"
"6312","948"
"6313","948"
"6314","948"
"6315","948"
"6316","949"
"6317","949"
"6318","949"
"6319","949"
"6320","949"
"6321","949"
"6322","950"
"6323","950"
"6324","950"
"6325","950"
"6326","950"
"6327","950"
"6328","951"
"6329","951"
"6330","951"
"6331","951"
"6332","952"
"6333","952"
"6334","952"
"6335","952"
"6336","952"
"6337","952"
"6338","953"
"6339","953"
"6340","953"
"6341","953"
"6342","953"
"6343","953"
"6344","953"
"6345","953"
"6346","954"
"6347","954"
"6348","954"
"6349","954"
"6350","954"
"6351","954"
"6352","954"
"6353","955"
"6354","955"
"6355","955"
"6356","955"
"6357","955"
"6358","955"
"6359","955"
"6360","955"
"6361","956"
"6362","956"
"6363","956"
"6364","956"
"6365","956"
"6366","956"
"6367","956"
"6368","956"
"6369","957"
"6370","957"
"6371","957"
"6372","957"
"6373","958"
"6374","958"
"6375","958"
"6376","958"
"6377","958"
"6378","959"
"6379","959"
"6380","959"
"6381","959"
"6382","960"
"6383","960"
"6384","960"
"6385","960"
"6386","960"
"6387","960"
"6388","960"
"6389","960"
"6390","961"
"6391","961"
"6392","961"
"6393","961"
"6394","961"
"6395","961"
"6396","961"
"6397","962"
"6398","962"
"6399","962"
"6400","962"
"6401","962"
"6402","962"
"6403","962"
"6404","962"
"6405","963"
"6406","963"
"6407","963"
"6408","963"
"6409","963"
"6410","963"
"6411","964"
"6412","964"
"6413","964"
"6414","964"
"6415","964"
"6416","964"
"6417","964"
"6418","964"
"6419","964"
"6420","964"
"6421","965"
"6422","965"
"6423","965"
"6424","965"
"6425","965"
"6426","966"
"6427","966"
"6428","966"
"6429","966"
"6430","966"
"6431","967"
"6432","967"
"6433","967"
"6434","967"
"6435","967"
"6436","967"
"6437","967"
"6438","968"
"6439","968"
"6440","968"
"6441","968"
"6442","968"
"6443","968"
"6444","968"
"6445","968"
"6446","968"
"6447","969"
"6448","969"
"6449","969"
"6450","969"
"6451","969"
"6452","969"
"6453","969"
"6454","969"
"6455","969"
"6456","970"
"6457","970"
"6458","970"
"6459","970"
"6460","970"
"6461","970"
"6462","970"
"6463","971"
"6464","971"
"6465","971"
"6466","971"
"6467","971"
"6468","972"
"6469","972"
"6470","972"
"6471","972"
"6472","972"
"6473","972"
"6474","972"
"6475","973"
"6476","973"
"6477","973"
"6478","973"
"6479","973"
"6480","973"
"6481","973"
"6482","974"
"6483","974"
"6484","974"
"6485","974"
"6486","975"
"6487","975"
"6488","975"
"6489","975"
"6490","975"
"6491","975"
"6492","975"
"6493","975"
"6494","976"
"6495","976"
"6496","976"
"6497","976"
"6498","976"
"6499","977"
"6500","977"
"6501","977"
"6502","977"
"6503","977"
"6504","977"
"6505","977"
"6506","977"
"6507","978"
"6508","978"
"6509","978"
"6510","978"
"6511","978"
"6512","978"
"6513","978"
"6514","978"
"6515","978"
"6516","979"
"6517","979"
"6518","979"
"6519","979"
"6520","979"
"6521","979"
"6522","979"
"6523","980"
"6524","980"
"6525","980"
"6526","980"
"6527","981"
"6528","981"
"6529","981"
"6530","981"
"6531","981"
"6532","982"
"6533","982"
"6534","982"
"6535","982"
"6536","982"
"6537","982"
"6538","982"
"6539","982"
"6540","983"
"6541","983"
"6542","983"
"6543","983"
"6544","983"
"6545","983"
"6546","983"
"6547","983"
"6548","983"
"6549","983"
"6550","984"
"6551","984"
"6552","984"
"6553","984"
"6554","984"
"6555","984"
"6556","985"
"6557","985"
"6558","985"
"6559","985"
"6560","985"
"6561","985"
"6562","985"
"6563","985"
"6564","985"
"6565","986"
"6566","986"
"6567","986"
"6568","986"
"6569","986"
"6570","987"
"6571","987"
"6572","987"
"6573","987"
"6574","988"
"6575","988"
"6576","988"
"6577","988"
"6578","988"
"6579","988"
"6580","988"
"6581","988"
"6582","989"
"6583","989"
"6584","989"
"6585","989"
"6586","989"
"6587","989"
"6588","989"
"6589","989"
"6590","989"
"6591","990"
"6592","990"
"6593","990"
"6594","990"
"6595","990"
"6596","990"
"6597","990"
"6598","991"
"6599","991"
"6600","991"
"6601","991"
"6602","991"
"6603","991"
"6604","991"
"6605","992"
"6606","992"
"6607","992"
"6608","992"
"6609","992"
"6610","992"
"6611","992"
"6612","992"
"6613","992"
"6614","992"
"6615","993"
"6616","993"
"6617","993"
"6618","993"
"6619","993"
"6620","993"
"6621","993"
"6622","993"
"6623","993"
"6624","993"
"6625","994"
"6626","994"
"6627","994"
"6628","994"
"6629","994"
"6630","994"
"6631","994"
"6632","995"
"6633","995"
"6634","995"
"6635","995"
"6636","995"
"6637","995"
"6638","995"
"6639","995"
"6640","995"
"6641","996"
"6642","996"
"6643","996"
"6644","996"
"6645","996"
"6646","996"
"6647","996"
"6648","996"
"6649","997"
"6650","997"
"6651","997"
"6652","997"
"6653","997"
"6654","997"
"6655","997"
"6656","997"
"6657","998"
"6658","998"
"6659","998"
"6660","998"
"6661","998"
"6662","998"
